{"stats":{"minecraft:used":{"minecraft:water_bucket":13,"minecraft:stone_shovel":32,"minecraft:spruce_slab":496,"minecraft:stone_pickaxe":318,"minecraft:baked_potato":4,"minecraft:chest":3,"minecraft:wooden_pickaxe":30,"minecraft:cobblestone_slab":317,"minecraft:rotten_flesh":4,"minecraft:torch":32,"minecraft:dirt":96,"minecraft:crafting_table":3,"minecraft:carrot":1,"minecraft:smoker":2,"minecraft:lava_bucket":8,"minecraft:spruce_sapling":18,"minecraft:stone_axe":238,"minecraft:cobblestone":92,"minecraft:bow":1,"minecraft:furnace":3,"minecraft:oak_sapling":1,"minecraft:bucket":20,"minecraft:ice":1,"minecraft:potato":18,"minecraft:kelp":1,"minecraft:bone_meal":49},"minecraft:killed_by":{"minecraft:zombie":1},"minecraft:broken":{"minecraft:stone_pickaxe":2,"minecraft:stone_axe":1},"minecraft:mined":{"minecraft:farmland":22,"minecraft:smoker":1,"minecraft:crafting_table":2,"minecraft:torch":9,"minecraft:grass_block":14,"minecraft:cobblestone":113,"minecraft:spruce_leaves":19,"minecraft:kelp":2,"minecraft:wall_torch":3,"minecraft:spruce_sapling":1,"minecraft:furnace":2,"minecraft:carrots":2,"minecraft:ice":1,"minecraft:spruce_log":110,"minecraft:potatoes":19,"minecraft:oak_log":6,"minecraft:cobblestone_slab":229,"minecraft:dirt":57,"minecraft:spruce_slab":9,"minecraft:oak_leaves":5},"minecraft:crafted":{"minecraft:oak_planks":24,"minecraft:cobblestone_slab":390,"minecraft:stone_shovel":1,"minecraft:crafting_table":1,"minecraft:spruce_planks":552,"minecraft:baked_potato":4,"minecraft:wooden_pickaxe":2,"minecraft:furnace":2,"minecraft:bone_meal":66,"minecraft:stone_axe":7,"minecraft:air":0,"minecraft:charcoal":21,"minecraft:spruce_slab":762,"minecraft:stick":24,"minecraft:stone_pickaxe":7,"minecraft:chest":3,"minecraft:torch":40,"minecraft:smoker":1},"minecraft:killed":{"minecraft:spider":4,"minecraft:creeper":7,"minecraft:skeleton":13,"minecraft:zombie":5},"minecraft:dropped":{"minecraft:stone_axe":4,"minecraft:dripstone_block":1,"minecraft:poisonous_potato":2,"minecraft:cobblestone":3,"minecraft:rotten_flesh":1,"minecraft:stick":13,"minecraft:dirt":99,"minecraft:cobblestone_slab":64,"minecraft:torch":8,"minecraft:wooden_pickaxe":4,"minecraft:stone_pickaxe":12,"minecraft:bucket":1,"minecraft:spruce_sapling":1},"minecraft:picked_up":{"minecraft:crafting_table":2,"minecraft:wooden_pickaxe":2,"minecraft:smoker":1,"minecraft:potato":44,"minecraft:birch_planks":6,"minecraft:ice":1,"minecraft:oak_log":6,"minecraft:gunpowder":5,"minecraft:dirt":127,"minecraft:string":4,"minecraft:bone":24,"minecraft:kelp":2,"minecraft:bow":2,"minecraft:stone_pickaxe":7,"minecraft:cobblestone_slab":233,"minecraft:spruce_slab":7,"minecraft:furnace":2,"minecraft:stick":43,"minecraft:torch":15,"minecraft:poisonous_potato":2,"minecraft:dripstone_block":1,"minecraft:lava_bucket":1,"minecraft:spruce_sapling":43,"minecraft:spruce_log":160,"minecraft:carrot":7,"minecraft:spider_eye":1,"minecraft:arrow":15,"minecraft:rotten_flesh":8,"minecraft:stone_axe":1,"minecraft:oak_sapling":2,"minecraft:mangrove_propagule":2,"minecraft:cobblestone":278},"minecraft:custom":{"minecraft:interact_with_furnace":8,"minecraft:mob_kills":30,"minecraft:interact_with_crafting_table":48,"minecraft:leave_game":1,"minecraft:time_since_death":10559,"minecraft:time_since_rest":10587,"minecraft:sprint_one_cm":133296,"minecraft:walk_one_cm":176474,"minecraft:damage_taken":2681,"minecraft:drop":34,"minecraft:damage_dealt":6160,"minecraft:swim_one_cm":702,"minecraft:fly_one_cm":326671,"minecraft:open_chest":158,"minecraft:crouch_one_cm":121347,"minecraft:play_time":95864,"minecraft:deaths":9,"minecraft:sneak_time":34858,"minecraft:walk_under_water_one_cm":1405,"minecraft:jump":1256,"minecraft:walk_on_water_one_cm":6074,"minecraft:interact_with_smoker":3,"minecraft:total_world_time":95864,"minecraft:fall_one_cm":12655}},"DataVersion":3463}