{"stats":{"minecraft:used":{"minecraft:water_bucket":13,"minecraft:stone_shovel":32,"minecraft:spruce_slab":544,"minecraft:stone_pickaxe":336,"minecraft:baked_potato":8,"minecraft:spruce_planks":4,"minecraft:chest":3,"minecraft:wooden_pickaxe":30,"minecraft:cobblestone_slab":398,"minecraft:stone_hoe":60,"minecraft:rotten_flesh":5,"minecraft:torch":39,"minecraft:dirt":96,"minecraft:crafting_table":3,"minecraft:carrot":7,"minecraft:smoker":2,"minecraft:lava_bucket":8,"minecraft:spruce_sapling":26,"minecraft:stone_axe":253,"minecraft:cobblestone":92,"minecraft:bow":1,"minecraft:furnace":3,"minecraft:oak_sapling":1,"minecraft:bucket":20,"minecraft:ice":1,"minecraft:potato":44,"minecraft:kelp":1,"minecraft:bone_meal":79},"minecraft:killed_by":{"minecraft:zombie":1},"minecraft:broken":{"minecraft:stone_pickaxe":2,"minecraft:stone_axe":1},"minecraft:mined":{"minecraft:farmland":22,"minecraft:smoker":1,"minecraft:crafting_table":2,"minecraft:torch":13,"minecraft:grass_block":14,"minecraft:cobblestone":113,"minecraft:spruce_leaves":19,"minecraft:kelp":2,"minecraft:wall_torch":3,"minecraft:spruce_sapling":1,"minecraft:furnace":2,"minecraft:carrots":2,"minecraft:ice":1,"minecraft:spruce_log":110,"minecraft:potatoes":27,"minecraft:oak_log":6,"minecraft:cobblestone_slab":247,"minecraft:dirt":57,"minecraft:spruce_slab":15,"minecraft:oak_leaves":5},"minecraft:crafted":{"minecraft:oak_planks":24,"minecraft:cobblestone_slab":390,"minecraft:stone_shovel":1,"minecraft:crafting_table":1,"minecraft:spruce_planks":644,"minecraft:baked_potato":14,"minecraft:wooden_pickaxe":2,"minecraft:furnace":2,"minecraft:bone_meal":84,"minecraft:stone_axe":8,"minecraft:air":0,"minecraft:charcoal":21,"minecraft:spruce_slab":762,"minecraft:stick":24,"minecraft:stone_pickaxe":7,"minecraft:chest":3,"minecraft:torch":40,"minecraft:smoker":1},"minecraft:killed":{"minecraft:spider":4,"minecraft:creeper":8,"minecraft:skeleton":14,"minecraft:zombie":5},"minecraft:dropped":{"minecraft:stone_axe":4,"minecraft:baked_potato":4,"minecraft:dripstone_block":1,"minecraft:poisonous_potato":2,"minecraft:cobblestone":3,"minecraft:rotten_flesh":1,"minecraft:stick":13,"minecraft:dirt":99,"minecraft:cobblestone_slab":64,"minecraft:torch":8,"minecraft:wooden_pickaxe":4,"minecraft:stone_pickaxe":12,"minecraft:bucket":1,"minecraft:spruce_sapling":1},"minecraft:picked_up":{"minecraft:crafting_table":2,"minecraft:wooden_pickaxe":2,"minecraft:smoker":1,"minecraft:potato":70,"minecraft:birch_planks":6,"minecraft:ice":1,"minecraft:oak_log":6,"minecraft:gunpowder":5,"minecraft:dirt":127,"minecraft:string":4,"minecraft:bone":30,"minecraft:kelp":2,"minecraft:bow":2,"minecraft:stone_pickaxe":7,"minecraft:cobblestone_slab":239,"minecraft:spruce_slab":8,"minecraft:furnace":2,"minecraft:stick":43,"minecraft:torch":19,"minecraft:poisonous_potato":2,"minecraft:dripstone_block":1,"minecraft:lava_bucket":1,"minecraft:spruce_sapling":43,"minecraft:spruce_log":160,"minecraft:carrot":7,"minecraft:spider_eye":1,"minecraft:arrow":22,"minecraft:rotten_flesh":9,"minecraft:stone_axe":1,"minecraft:oak_sapling":2,"minecraft:mangrove_propagule":2,"minecraft:cobblestone":557},"minecraft:custom":{"minecraft:interact_with_furnace":8,"minecraft:mob_kills":32,"minecraft:interact_with_crafting_table":50,"minecraft:leave_game":1,"minecraft:time_since_death":22559,"minecraft:time_since_rest":22587,"minecraft:sprint_one_cm":154886,"minecraft:walk_one_cm":198524,"minecraft:damage_taken":2681,"minecraft:drop":38,"minecraft:damage_dealt":6561,"minecraft:swim_one_cm":724,"minecraft:fly_one_cm":393991,"minecraft:open_chest":174,"minecraft:crouch_one_cm":140778,"minecraft:play_time":107864,"minecraft:deaths":9,"minecraft:sneak_time":39153,"minecraft:walk_under_water_one_cm":2762,"minecraft:jump":1416,"minecraft:walk_on_water_one_cm":6593,"minecraft:interact_with_smoker":8,"minecraft:total_world_time":107864,"minecraft:fall_one_cm":14327}},"DataVersion":3463}