{"stats":{"minecraft:used":{"minecraft:lava_bucket":1,"minecraft:stone_pickaxe":7,"minecraft:wooden_pickaxe":30,"minecraft:cobblestone_slab":106,"minecraft:dirt":3,"minecraft:crafting_table":2,"minecraft:oak_sapling":1,"minecraft:ice":1},"minecraft:mined":{"minecraft:ice":1,"minecraft:crafting_table":1,"minecraft:grass_block":9,"minecraft:oak_log":6,"minecraft:dirt":25,"minecraft:cobblestone":35,"minecraft:oak_leaves":5},"minecraft:crafted":{"minecraft:oak_planks":24,"minecraft:cobblestone_slab":126,"minecraft:crafting_table":1,"minecraft:stick":4,"minecraft:wooden_pickaxe":2,"minecraft:stone_pickaxe":1,"minecraft:stone_axe":1},"minecraft:dropped":{"minecraft:cobblestone_slab":28,"minecraft:cobblestone":1,"minecraft:stone_pickaxe":2,"minecraft:wooden_pickaxe":4},"minecraft:picked_up":{"minecraft:stick":11,"minecraft:crafting_table":1,"minecraft:torch":1,"minecraft:wooden_pickaxe":2,"minecraft:birch_planks":6,"minecraft:lava_bucket":1,"minecraft:ice":1,"minecraft:oak_log":6,"minecraft:dirt":31,"minecraft:stone_pickaxe":2,"minecraft:cobblestone_slab":23,"minecraft:oak_sapling":2,"minecraft:mangrove_propagule":2,"minecraft:cobblestone":68},"minecraft:custom":{"minecraft:time_since_rest":17864,"minecraft:sprint_one_cm":5744,"minecraft:damage_taken":103,"minecraft:walk_one_cm":25994,"minecraft:drop":8,"minecraft:damage_dealt":10,"minecraft:interact_with_crafting_table":16,"minecraft:fly_one_cm":4356,"minecraft:open_chest":17,"minecraft:crouch_one_cm":22176,"minecraft:play_time":17864,"minecraft:sneak_time":8267,"minecraft:jump":168,"minecraft:leave_game":1,"minecraft:time_since_death":17864,"minecraft:walk_on_water_one_cm":1458,"minecraft:total_world_time":17864,"minecraft:fall_one_cm":1109}},"DataVersion":3463}