{"stats":{"minecraft:picked_up":{"minecraft:kelp":1,"minecraft:stone_pickaxe":1,"minecraft:bone_meal":6,"minecraft:spruce_sapling":1,"minecraft:dirt":17,"minecraft:stone_hoe":1},"minecraft:mined":{"minecraft:dirt":2,"minecraft:spruce_leaves":3,"minecraft:kelp":2},"minecraft:used":{"minecraft:water_bucket":3,"minecraft:lava_bucket":1,"minecraft:dirt":12,"minecraft:stone_pickaxe":1,"minecraft:bucket":4,"minecraft:kelp":1,"minecraft:bone_meal":1},"minecraft:custom":{"minecraft:time_since_rest":5130,"minecraft:open_chest":15,"minecraft:crouch_one_cm":1385,"minecraft:play_time":5130,"minecraft:sprint_one_cm":7398,"minecraft:walk_one_cm":7905,"minecraft:sneak_time":548,"minecraft:walk_under_water_one_cm":274,"minecraft:jump":70,"minecraft:damage_dealt":5,"minecraft:walk_on_water_one_cm":834,"minecraft:time_since_death":5130,"minecraft:total_world_time":5130,"minecraft:interact_with_crafting_table":1,"minecraft:fall_one_cm":534,"minecraft:fly_one_cm":12931,"minecraft:player_kills":1}},"DataVersion":3839}