{"stats":{"minecraft:used":{"minecraft:water_bucket":10,"minecraft:stone_shovel":21,"minecraft:spruce_slab":321,"minecraft:stone_pickaxe":296,"minecraft:baked_potato":4,"minecraft:chest":3,"minecraft:wooden_pickaxe":30,"minecraft:cobblestone_slab":314,"minecraft:rotten_flesh":2,"minecraft:torch":20,"minecraft:dirt":24,"minecraft:crafting_table":3,"minecraft:carrot":1,"minecraft:smoker":2,"minecraft:lava_bucket":8,"minecraft:spruce_sapling":18,"minecraft:stone_axe":199,"minecraft:cobblestone":89,"minecraft:bow":1,"minecraft:furnace":3,"minecraft:oak_sapling":1,"minecraft:bucket":17,"minecraft:ice":1,"minecraft:potato":18,"minecraft:kelp":1,"minecraft:bone_meal":49},"minecraft:killed_by":{"minecraft:zombie":1},"minecraft:broken":{"minecraft:stone_pickaxe":2,"minecraft:stone_axe":1},"minecraft:mined":{"minecraft:farmland":22,"minecraft:smoker":1,"minecraft:crafting_table":2,"minecraft:torch":6,"minecraft:grass_block":14,"minecraft:cobblestone":112,"minecraft:spruce_leaves":19,"minecraft:kelp":2,"minecraft:wall_torch":3,"minecraft:spruce_sapling":1,"minecraft:furnace":2,"minecraft:carrots":2,"minecraft:ice":1,"minecraft:spruce_log":110,"minecraft:potatoes":19,"minecraft:oak_log":6,"minecraft:cobblestone_slab":208,"minecraft:dirt":43,"minecraft:spruce_slab":5,"minecraft:oak_leaves":5},"minecraft:crafted":{"minecraft:oak_planks":24,"minecraft:cobblestone_slab":390,"minecraft:stone_shovel":1,"minecraft:crafting_table":1,"minecraft:spruce_planks":552,"minecraft:baked_potato":4,"minecraft:wooden_pickaxe":2,"minecraft:furnace":2,"minecraft:bone_meal":54,"minecraft:stone_axe":7,"minecraft:air":0,"minecraft:charcoal":21,"minecraft:spruce_slab":378,"minecraft:stick":24,"minecraft:stone_pickaxe":7,"minecraft:chest":3,"minecraft:torch":16,"minecraft:smoker":1},"minecraft:killed":{"minecraft:spider":4,"minecraft:creeper":5,"minecraft:skeleton":11,"minecraft:zombie":1},"minecraft:dropped":{"minecraft:stone_axe":4,"minecraft:dripstone_block":1,"minecraft:poisonous_potato":2,"minecraft:cobblestone":3,"minecraft:stick":13,"minecraft:dirt":99,"minecraft:cobblestone_slab":64,"minecraft:wooden_pickaxe":4,"minecraft:stone_pickaxe":12,"minecraft:bucket":1,"minecraft:spruce_sapling":1},"minecraft:picked_up":{"minecraft:crafting_table":2,"minecraft:wooden_pickaxe":2,"minecraft:smoker":1,"minecraft:potato":44,"minecraft:birch_planks":6,"minecraft:ice":1,"minecraft:oak_log":6,"minecraft:gunpowder":4,"minecraft:dirt":113,"minecraft:string":4,"minecraft:bone":20,"minecraft:kelp":2,"minecraft:bow":2,"minecraft:stone_pickaxe":7,"minecraft:cobblestone_slab":229,"minecraft:spruce_slab":3,"minecraft:furnace":2,"minecraft:stick":43,"minecraft:torch":12,"minecraft:poisonous_potato":2,"minecraft:dripstone_block":1,"minecraft:lava_bucket":1,"minecraft:spruce_sapling":43,"minecraft:spruce_log":160,"minecraft:carrot":7,"minecraft:spider_eye":1,"minecraft:arrow":12,"minecraft:rotten_flesh":5,"minecraft:stone_axe":1,"minecraft:oak_sapling":2,"minecraft:mangrove_propagule":2,"minecraft:cobblestone":248},"minecraft:custom":{"minecraft:interact_with_furnace":7,"minecraft:mob_kills":22,"minecraft:interact_with_crafting_table":46,"minecraft:leave_game":1,"minecraft:time_since_death":37847,"minecraft:time_since_rest":37873,"minecraft:sprint_one_cm":110847,"minecraft:walk_one_cm":153421,"minecraft:damage_taken":2333,"minecraft:drop":32,"minecraft:damage_dealt":4418,"minecraft:swim_one_cm":702,"minecraft:fly_one_cm":126096,"minecraft:open_chest":131,"minecraft:crouch_one_cm":109718,"minecraft:play_time":83864,"minecraft:deaths":8,"minecraft:sneak_time":31900,"minecraft:walk_under_water_one_cm":1405,"minecraft:jump":1068,"minecraft:walk_on_water_one_cm":5939,"minecraft:interact_with_smoker":3,"minecraft:total_world_time":83864,"minecraft:fall_one_cm":9520}},"DataVersion":3463}