{"stats":{"minecraft:picked_up":{"minecraft:crafting_table":1,"minecraft:gunpowder":1,"minecraft:dirt":61,"minecraft:string":4,"minecraft:bone":7,"minecraft:kelp":1,"minecraft:stone_pickaxe":7,"minecraft:cobblestone_slab":264,"minecraft:stone_hoe":1,"minecraft:phantom_membrane":3,"minecraft:stick":8,"minecraft:torch":5,"minecraft:spruce_sapling":12,"minecraft:spruce_log":122,"minecraft:spider_eye":2,"minecraft:arrow":6,"minecraft:rotten_flesh":6,"minecraft:bone_meal":6,"minecraft:baked_potato":7,"minecraft:cobblestone":175},"minecraft:dropped":{"minecraft:stone_hoe":1,"minecraft:stone_axe":1,"minecraft:stone_shovel":1,"minecraft:cobblestone":45,"minecraft:stick":8,"minecraft:cobblestone_slab":128,"minecraft:torch":22,"minecraft:spruce_planks":99,"minecraft:spider_eye":2,"minecraft:spruce_slab":77,"minecraft:stone_pickaxe":4,"minecraft:string":4},"minecraft:mined":{"minecraft:podzol":6,"minecraft:crafting_table":1,"minecraft:torch":1,"minecraft:cobblestone":214,"minecraft:spruce_leaves":4,"minecraft:kelp":2,"minecraft:wall_torch":2,"minecraft:spruce_log":117,"minecraft:cobblestone_slab":298,"minecraft:dirt":39},"minecraft:killed":{"minecraft:spider":4,"minecraft:creeper":1,"minecraft:phantom":3},"minecraft:crafted":{"minecraft:cobblestone_slab":150,"minecraft:spruce_planks":204,"minecraft:furnace":1,"minecraft:bone_meal":21,"minecraft:stone_axe":2,"minecraft:air":0,"minecraft:charcoal":13,"minecraft:spruce_slab":126,"minecraft:stick":12,"minecraft:stone_pickaxe":1,"minecraft:oak_button":7,"minecraft:torch":24},"minecraft:used":{"minecraft:water_bucket":6,"minecraft:stone_shovel":38,"minecraft:spruce_slab":49,"minecraft:stone_pickaxe":513,"minecraft:baked_potato":7,"minecraft:cobblestone_slab":443,"minecraft:stone_hoe":1,"minecraft:rotten_flesh":6,"minecraft:torch":7,"minecraft:dirt":50,"minecraft:crafting_table":1,"minecraft:spruce_log":4,"minecraft:lava_bucket":2,"minecraft:spruce_sapling":8,"minecraft:stone_axe":141,"minecraft:cobblestone":38,"minecraft:furnace":1,"minecraft:bucket":7,"minecraft:kelp":1,"minecraft:bone_meal":6},"minecraft:custom":{"minecraft:interact_with_furnace":8,"minecraft:mob_kills":8,"minecraft:interact_with_crafting_table":11,"minecraft:leave_game":1,"minecraft:time_since_death":95894,"minecraft:time_since_rest":95894,"minecraft:sprint_one_cm":103165,"minecraft:walk_one_cm":171889,"minecraft:damage_taken":330,"minecraft:drop":22,"minecraft:damage_dealt":1613,"minecraft:fly_one_cm":204348,"minecraft:player_kills":1,"minecraft:open_chest":69,"minecraft:crouch_one_cm":130310,"minecraft:play_time":95894,"minecraft:sneak_time":32365,"minecraft:walk_under_water_one_cm":4621,"minecraft:jump":1114,"minecraft:walk_on_water_one_cm":4480,"minecraft:total_world_time":95894,"minecraft:fall_one_cm":6903},"minecraft:broken":{"minecraft:stone_pickaxe":4,"minecraft:stone_axe":1}},"DataVersion":3839}