{"stats":{"minecraft:used":{"minecraft:water_bucket":5,"minecraft:spruce_slab":292,"minecraft:stone_pickaxe":214,"minecraft:baked_potato":4,"minecraft:wooden_pickaxe":30,"minecraft:cobblestone_slab":248,"minecraft:rotten_flesh":2,"minecraft:torch":18,"minecraft:dirt":24,"minecraft:crafting_table":2,"minecraft:carrot":1,"minecraft:smoker":1,"minecraft:lava_bucket":4,"minecraft:spruce_sapling":18,"minecraft:stone_axe":183,"minecraft:cobblestone":33,"minecraft:bow":1,"minecraft:furnace":2,"minecraft:oak_sapling":1,"minecraft:bucket":8,"minecraft:ice":1,"minecraft:potato":18,"minecraft:kelp":1,"minecraft:bone_meal":49},"minecraft:killed_by":{"minecraft:zombie":1},"minecraft:broken":{"minecraft:stone_pickaxe":1,"minecraft:stone_axe":1},"minecraft:mined":{"minecraft:farmland":1,"minecraft:smoker":1,"minecraft:crafting_table":1,"minecraft:torch":4,"minecraft:grass_block":14,"minecraft:cobblestone":65,"minecraft:spruce_leaves":19,"minecraft:kelp":2,"minecraft:wall_torch":3,"minecraft:spruce_sapling":1,"minecraft:furnace":2,"minecraft:carrots":1,"minecraft:ice":1,"minecraft:spruce_log":110,"minecraft:potatoes":9,"minecraft:oak_log":6,"minecraft:cobblestone_slab":173,"minecraft:dirt":42,"minecraft:spruce_slab":5,"minecraft:oak_leaves":5},"minecraft:crafted":{"minecraft:oak_planks":24,"minecraft:cobblestone_slab":390,"minecraft:crafting_table":1,"minecraft:spruce_planks":296,"minecraft:baked_potato":4,"minecraft:wooden_pickaxe":2,"minecraft:furnace":2,"minecraft:bone_meal":54,"minecraft:stone_axe":7,"minecraft:air":0,"minecraft:charcoal":21,"minecraft:spruce_slab":378,"minecraft:stick":24,"minecraft:stone_pickaxe":5,"minecraft:torch":16,"minecraft:smoker":1},"minecraft:killed":{"minecraft:spider":3,"minecraft:creeper":5,"minecraft:skeleton":11,"minecraft:zombie":1},"minecraft:dropped":{"minecraft:stone_axe":4,"minecraft:dripstone_block":1,"minecraft:poisonous_potato":2,"minecraft:cobblestone":3,"minecraft:stick":13,"minecraft:dirt":99,"minecraft:cobblestone_slab":64,"minecraft:wooden_pickaxe":4,"minecraft:stone_pickaxe":11,"minecraft:bucket":1,"minecraft:spruce_sapling":1},"minecraft:picked_up":{"minecraft:crafting_table":1,"minecraft:wooden_pickaxe":2,"minecraft:smoker":1,"minecraft:potato":34,"minecraft:birch_planks":6,"minecraft:ice":1,"minecraft:oak_log":6,"minecraft:gunpowder":2,"minecraft:dirt":91,"minecraft:string":3,"minecraft:bone":18,"minecraft:kelp":2,"minecraft:bow":2,"minecraft:stone_pickaxe":7,"minecraft:cobblestone_slab":209,"minecraft:spruce_slab":3,"minecraft:furnace":2,"minecraft:stick":43,"minecraft:torch":8,"minecraft:poisonous_potato":2,"minecraft:dripstone_block":1,"minecraft:lava_bucket":1,"minecraft:spruce_sapling":43,"minecraft:spruce_log":160,"minecraft:carrot":2,"minecraft:arrow":12,"minecraft:rotten_flesh":5,"minecraft:stone_axe":1,"minecraft:oak_sapling":2,"minecraft:mangrove_propagule":2,"minecraft:cobblestone":208},"minecraft:custom":{"minecraft:interact_with_furnace":6,"minecraft:mob_kills":21,"minecraft:interact_with_crafting_table":41,"minecraft:leave_game":1,"minecraft:time_since_death":25847,"minecraft:time_since_rest":25873,"minecraft:sprint_one_cm":98207,"minecraft:walk_one_cm":125243,"minecraft:damage_taken":2258,"minecraft:drop":31,"minecraft:damage_dealt":4318,"minecraft:fly_one_cm":111883,"minecraft:open_chest":112,"minecraft:crouch_one_cm":99614,"minecraft:play_time":71864,"minecraft:deaths":8,"minecraft:sneak_time":28363,"minecraft:walk_under_water_one_cm":901,"minecraft:jump":916,"minecraft:walk_on_water_one_cm":4746,"minecraft:interact_with_smoker":3,"minecraft:total_world_time":71864,"minecraft:fall_one_cm":7695}},"DataVersion":3463}