{"stats":{"minecraft:used":{"minecraft:water_bucket":35,"minecraft:stone_sword":12,"minecraft:stone_pickaxe":645,"minecraft:spruce_slab":619,"minecraft:stone_shovel":32,"minecraft:baked_potato":17,"minecraft:ladder":22,"minecraft:chest":3,"minecraft:spruce_planks":4,"minecraft:wooden_pickaxe":30,"minecraft:cobblestone_slab":1976,"minecraft:stone_hoe":60,"minecraft:rotten_flesh":5,"minecraft:torch":171,"minecraft:golden_apple":2,"minecraft:dirt":96,"minecraft:crafting_table":6,"minecraft:carrot":7,"minecraft:smoker":2,"minecraft:spruce_boat":4,"minecraft:lava_bucket":8,"minecraft:spruce_trapdoor":10,"minecraft:spruce_sapling":26,"minecraft:stone_axe":289,"minecraft:cobblestone":588,"minecraft:bow":1,"minecraft:oak_sapling":1,"minecraft:furnace":3,"minecraft:bucket":33,"minecraft:ice":1,"minecraft:potato":44,"minecraft:kelp":1,"minecraft:bone_meal":79},"minecraft:crafted":{"minecraft:oak_planks":24,"minecraft:cobblestone_slab":1536,"minecraft:stone_shovel":1,"minecraft:crafting_table":2,"minecraft:spruce_planks":1012,"minecraft:wooden_pickaxe":2,"minecraft:baked_potato":14,"minecraft:furnace":2,"minecraft:bone_meal":84,"minecraft:stone_axe":8,"minecraft:air":0,"minecraft:charcoal":85,"minecraft:ladder":27,"minecraft:stick":152,"minecraft:spruce_slab":1530,"minecraft:stone_pickaxe":8,"minecraft:stone_sword":1,"minecraft:chest":3,"minecraft:spruce_boat":3,"minecraft:torch":96,"minecraft:smoker":1},"minecraft:custom":{"minecraft:interact_with_furnace":11,"minecraft:mob_kills":50,"minecraft:interact_with_crafting_table":62,"minecraft:leave_game":2,"minecraft:time_since_death":30106,"minecraft:climb_one_cm":5983,"minecraft:time_since_rest":30137,"minecraft:damage_absorbed":40,"minecraft:sprint_one_cm":288258,"minecraft:damage_taken":3526,"minecraft:walk_one_cm":336316,"minecraft:drop":81,"minecraft:damage_dealt":8365,"minecraft:swim_one_cm":2008,"minecraft:fly_one_cm":693421,"minecraft:talked_to_villager":3,"minecraft:open_chest":209,"minecraft:crouch_one_cm":270576,"minecraft:play_time":211790,"minecraft:sneak_time":72395,"minecraft:deaths":10,"minecraft:walk_under_water_one_cm":4225,"minecraft:boat_one_cm":669,"minecraft:jump":2542,"minecraft:walk_on_water_one_cm":14579,"minecraft:total_world_time":211790,"minecraft:interact_with_smoker":10,"minecraft:fall_one_cm":26536},"minecraft:mined":{"minecraft:farmland":22,"minecraft:smoker":1,"minecraft:crafting_table":4,"minecraft:torch":33,"minecraft:grass_block":14,"minecraft:cobblestone":175,"minecraft:spruce_leaves":19,"minecraft:kelp":2,"minecraft:wall_torch":7,"minecraft:spruce_sapling":1,"minecraft:furnace":2,"minecraft:carrots":2,"minecraft:ice":1,"minecraft:spruce_log":110,"minecraft:potatoes":27,"minecraft:oak_log":6,"minecraft:cobblestone_slab":489,"minecraft:dirt":57,"minecraft:spruce_slab":16,"minecraft:oak_leaves":5},"minecraft:dropped":{"minecraft:stone_axe":4,"minecraft:baked_potato":4,"minecraft:dripstone_block":1,"minecraft:poisonous_potato":2,"minecraft:cobblestone":4,"minecraft:rotten_flesh":1,"minecraft:stick":18,"minecraft:dirt":99,"minecraft:cobblestone_slab":65,"minecraft:spruce_boat":1,"minecraft:torch":8,"minecraft:spruce_trapdoor":1,"minecraft:ladder":7,"minecraft:spruce_slab":920,"minecraft:phantom_membrane":1,"minecraft:wooden_pickaxe":4,"minecraft:stone_pickaxe":32,"minecraft:bucket":2,"minecraft:spruce_sapling":1},"minecraft:killed_by":{"minecraft:zombie":1},"minecraft:killed":{"minecraft:spider":7,"minecraft:creeper":9,"minecraft:phantom":2,"minecraft:skeleton":18,"minecraft:zombie":12},"minecraft:broken":{"minecraft:stone_pickaxe":4,"minecraft:stone_axe":1},"minecraft:picked_up":{"minecraft:charcoal":25,"minecraft:crafting_table":4,"minecraft:ladder":7,"minecraft:water_bucket":2,"minecraft:wooden_pickaxe":2,"minecraft:smoker":1,"minecraft:potato":70,"minecraft:birch_planks":6,"minecraft:ice":1,"minecraft:oak_log":6,"minecraft:gunpowder":9,"minecraft:dirt":127,"minecraft:string":8,"minecraft:bone":34,"minecraft:kelp":2,"minecraft:bow":2,"minecraft:bucket":1,"minecraft:spruce_planks":58,"minecraft:stone_pickaxe":29,"minecraft:cobblestone_slab":517,"minecraft:spruce_slab":9,"minecraft:spruce_trapdoor":1,"minecraft:phantom_membrane":1,"minecraft:furnace":2,"minecraft:stick":118,"minecraft:torch":87,"minecraft:poisonous_potato":2,"minecraft:dripstone_block":1,"minecraft:lava_bucket":1,"minecraft:spruce_sapling":58,"minecraft:spruce_log":160,"minecraft:carrot":7,"minecraft:spider_eye":2,"minecraft:arrow":27,"minecraft:rotten_flesh":16,"minecraft:spruce_boat":3,"minecraft:stone_axe":2,"minecraft:baked_potato":29,"minecraft:oak_sapling":2,"minecraft:mangrove_propagule":2,"minecraft:cobblestone":1937}},"DataVersion":3463}