{"stats":{"minecraft:picked_up":{"minecraft:stick":2,"minecraft:kelp":1,"minecraft:torch":2,"minecraft:stone_pickaxe":4,"minecraft:bone_meal":6,"minecraft:cobblestone_slab":41,"minecraft:spruce_sapling":3,"minecraft:spruce_log":4,"minecraft:dirt":61,"minecraft:stone_hoe":1,"minecraft:cobblestone":106},"minecraft:dropped":{"minecraft:cobblestone":3,"minecraft:stone_pickaxe":2},"minecraft:mined":{"minecraft:dirt":39,"minecraft:cobblestone":167,"minecraft:spruce_leaves":4,"minecraft:kelp":2,"minecraft:podzol":6},"minecraft:used":{"minecraft:torch":1,"minecraft:water_bucket":6,"minecraft:lava_bucket":2,"minecraft:dirt":50,"minecraft:cobblestone":23,"minecraft:stone_shovel":38,"minecraft:stone_pickaxe":168,"minecraft:bucket":7,"minecraft:kelp":1,"minecraft:cobblestone_slab":8,"minecraft:bone_meal":1},"minecraft:custom":{"minecraft:time_since_rest":17130,"minecraft:open_chest":24,"minecraft:crouch_one_cm":6778,"minecraft:play_time":17130,"minecraft:sprint_one_cm":21935,"minecraft:walk_one_cm":29395,"minecraft:sneak_time":1803,"minecraft:walk_under_water_one_cm":1574,"minecraft:drop":5,"minecraft:jump":168,"minecraft:damage_dealt":5,"minecraft:walk_on_water_one_cm":3357,"minecraft:time_since_death":17130,"minecraft:total_world_time":17130,"minecraft:interact_with_crafting_table":1,"minecraft:fall_one_cm":1699,"minecraft:fly_one_cm":24639,"minecraft:player_kills":1},"minecraft:broken":{"minecraft:stone_pickaxe":2}},"DataVersion":3839}