{"stats":{"minecraft:picked_up":{"minecraft:stick":8,"minecraft:crafting_table":1,"minecraft:torch":5,"minecraft:spruce_sapling":12,"minecraft:spruce_log":122,"minecraft:gunpowder":1,"minecraft:spider_eye":2,"minecraft:string":4,"minecraft:dirt":61,"minecraft:arrow":6,"minecraft:bone":7,"minecraft:rotten_flesh":6,"minecraft:kelp":1,"minecraft:stone_pickaxe":7,"minecraft:bone_meal":6,"minecraft:cobblestone_slab":257,"minecraft:baked_potato":7,"minecraft:stone_hoe":1,"minecraft:phantom_membrane":3,"minecraft:cobblestone":170},"minecraft:dropped":{"minecraft:stone_hoe":1,"minecraft:cobblestone":3,"minecraft:stone_pickaxe":3},"minecraft:mined":{"minecraft:podzol":6,"minecraft:spruce_log":117,"minecraft:crafting_table":1,"minecraft:torch":1,"minecraft:cobblestone_slab":289,"minecraft:dirt":39,"minecraft:cobblestone":209,"minecraft:spruce_leaves":4,"minecraft:kelp":2,"minecraft:wall_torch":2},"minecraft:killed":{"minecraft:spider":4,"minecraft:creeper":1,"minecraft:phantom":3},"minecraft:crafted":{"minecraft:cobblestone_slab":150,"minecraft:charcoal":13,"minecraft:spruce_slab":126,"minecraft:stick":12,"minecraft:spruce_planks":204,"minecraft:stone_pickaxe":1,"minecraft:oak_button":7,"minecraft:furnace":1,"minecraft:bone_meal":21,"minecraft:torch":24,"minecraft:stone_axe":2,"minecraft:air":0},"minecraft:used":{"minecraft:water_bucket":6,"minecraft:lava_bucket":2,"minecraft:spruce_slab":49,"minecraft:stone_shovel":38,"minecraft:stone_pickaxe":499,"minecraft:baked_potato":6,"minecraft:spruce_sapling":8,"minecraft:cobblestone_slab":433,"minecraft:stone_hoe":1,"minecraft:rotten_flesh":6,"minecraft:stone_axe":141,"minecraft:torch":7,"minecraft:dirt":50,"minecraft:cobblestone":33,"minecraft:crafting_table":1,"minecraft:furnace":1,"minecraft:bucket":7,"minecraft:kelp":1,"minecraft:spruce_log":4,"minecraft:bone_meal":6},"minecraft:custom":{"minecraft:time_since_rest":89130,"minecraft:interact_with_furnace":8,"minecraft:sprint_one_cm":93321,"minecraft:damage_taken":330,"minecraft:walk_one_cm":162880,"minecraft:mob_kills":8,"minecraft:drop":7,"minecraft:damage_dealt":1613,"minecraft:player_kills":1,"minecraft:interact_with_crafting_table":11,"minecraft:fly_one_cm":181387,"minecraft:open_chest":66,"minecraft:crouch_one_cm":123173,"minecraft:play_time":89130,"minecraft:sneak_time":30345,"minecraft:walk_under_water_one_cm":4621,"minecraft:jump":1020,"minecraft:time_since_death":89130,"minecraft:walk_on_water_one_cm":4480,"minecraft:total_world_time":89130,"minecraft:fall_one_cm":6427},"minecraft:broken":{"minecraft:stone_pickaxe":4,"minecraft:stone_axe":1}},"DataVersion":3839}