{"stats":{"minecraft:picked_up":{"minecraft:stick":8,"minecraft:crafting_table":1,"minecraft:torch":5,"minecraft:spruce_sapling":12,"minecraft:spruce_log":122,"minecraft:gunpowder":1,"minecraft:spider_eye":2,"minecraft:string":4,"minecraft:dirt":61,"minecraft:arrow":6,"minecraft:bone":7,"minecraft:rotten_flesh":6,"minecraft:kelp":1,"minecraft:stone_pickaxe":5,"minecraft:bone_meal":6,"minecraft:cobblestone_slab":205,"minecraft:baked_potato":5,"minecraft:stone_hoe":1,"minecraft:cobblestone":134},"minecraft:dropped":{"minecraft:stone_hoe":1,"minecraft:cobblestone":3,"minecraft:stone_pickaxe":2},"minecraft:mined":{"minecraft:podzol":6,"minecraft:spruce_log":117,"minecraft:crafting_table":1,"minecraft:torch":1,"minecraft:cobblestone_slab":211,"minecraft:dirt":39,"minecraft:cobblestone":167,"minecraft:spruce_leaves":4,"minecraft:kelp":2,"minecraft:wall_torch":2},"minecraft:killed":{"minecraft:spider":4,"minecraft:creeper":1},"minecraft:crafted":{"minecraft:cobblestone_slab":150,"minecraft:charcoal":13,"minecraft:stick":12,"minecraft:spruce_planks":64,"minecraft:stone_pickaxe":1,"minecraft:oak_button":7,"minecraft:furnace":1,"minecraft:bone_meal":21,"minecraft:torch":24,"minecraft:stone_axe":2,"minecraft:air":0},"minecraft:used":{"minecraft:water_bucket":6,"minecraft:lava_bucket":2,"minecraft:stone_shovel":38,"minecraft:stone_pickaxe":379,"minecraft:baked_potato":3,"minecraft:spruce_sapling":8,"minecraft:cobblestone_slab":407,"minecraft:stone_hoe":1,"minecraft:rotten_flesh":6,"minecraft:stone_axe":132,"minecraft:torch":6,"minecraft:dirt":50,"minecraft:cobblestone":23,"minecraft:crafting_table":1,"minecraft:furnace":1,"minecraft:bucket":7,"minecraft:kelp":1,"minecraft:spruce_log":4,"minecraft:bone_meal":6},"minecraft:custom":{"minecraft:time_since_rest":77130,"minecraft:interact_with_furnace":8,"minecraft:sprint_one_cm":71146,"minecraft:damage_taken":150,"minecraft:walk_one_cm":139166,"minecraft:mob_kills":5,"minecraft:drop":6,"minecraft:damage_dealt":1183,"minecraft:player_kills":1,"minecraft:interact_with_crafting_table":10,"minecraft:fly_one_cm":141916,"minecraft:open_chest":61,"minecraft:crouch_one_cm":102214,"minecraft:play_time":77130,"minecraft:sneak_time":25416,"minecraft:walk_under_water_one_cm":4621,"minecraft:jump":860,"minecraft:time_since_death":77130,"minecraft:walk_on_water_one_cm":3930,"minecraft:total_world_time":77130,"minecraft:fall_one_cm":6427},"minecraft:broken":{"minecraft:stone_pickaxe":3,"minecraft:stone_axe":1}},"DataVersion":3839}