{"stats":{"minecraft:used":{"minecraft:water_bucket":35,"minecraft:stone_sword":173,"minecraft:stone_pickaxe":700,"minecraft:spruce_slab":619,"minecraft:stone_shovel":32,"minecraft:baked_potato":27,"minecraft:ladder":24,"minecraft:chest":3,"minecraft:spruce_planks":4,"minecraft:wooden_pickaxe":30,"minecraft:cobblestone_slab":2050,"minecraft:stone_hoe":60,"minecraft:rotten_flesh":5,"minecraft:torch":171,"minecraft:golden_apple":2,"minecraft:dirt":96,"minecraft:crafting_table":6,"minecraft:white_bed":3,"minecraft:carrot":7,"minecraft:smoker":2,"minecraft:spruce_boat":5,"minecraft:lava_bucket":8,"minecraft:spruce_trapdoor":17,"minecraft:spruce_sapling":26,"minecraft:stone_axe":313,"minecraft:cobblestone":595,"minecraft:bow":1,"minecraft:oak_sapling":1,"minecraft:furnace":3,"minecraft:bucket":33,"minecraft:ice":1,"minecraft:potato":44,"minecraft:kelp":1,"minecraft:bone_meal":79},"minecraft:crafted":{"minecraft:oak_planks":24,"minecraft:cobblestone_slab":1536,"minecraft:stone_shovel":1,"minecraft:crafting_table":2,"minecraft:spruce_planks":1012,"minecraft:wooden_pickaxe":2,"minecraft:baked_potato":27,"minecraft:furnace":2,"minecraft:bone_meal":84,"minecraft:stone_axe":8,"minecraft:air":0,"minecraft:white_wool":9,"minecraft:bow":3,"minecraft:charcoal":85,"minecraft:ladder":78,"minecraft:stick":280,"minecraft:spruce_slab":1530,"minecraft:stone_pickaxe":9,"minecraft:stone_sword":2,"minecraft:chest":3,"minecraft:white_bed":3,"minecraft:spruce_boat":3,"minecraft:torch":96,"minecraft:smoker":1},"minecraft:custom":{"minecraft:interact_with_furnace":14,"minecraft:mob_kills":244,"minecraft:interact_with_crafting_table":77,"minecraft:leave_game":2,"minecraft:time_since_death":54106,"minecraft:sleep_in_bed":1,"minecraft:climb_one_cm":8078,"minecraft:time_since_rest":4469,"minecraft:damage_absorbed":40,"minecraft:sprint_one_cm":324049,"minecraft:damage_taken":3866,"minecraft:walk_one_cm":393650,"minecraft:drop":84,"minecraft:damage_dealt":12106,"minecraft:swim_one_cm":2008,"minecraft:fly_one_cm":730893,"minecraft:talked_to_villager":3,"minecraft:open_chest":246,"minecraft:crouch_one_cm":292808,"minecraft:play_time":235790,"minecraft:sneak_time":77460,"minecraft:deaths":10,"minecraft:walk_under_water_one_cm":4225,"minecraft:boat_one_cm":669,"minecraft:jump":2722,"minecraft:walk_on_water_one_cm":14579,"minecraft:total_world_time":235790,"minecraft:interact_with_smoker":15,"minecraft:fall_one_cm":28272},"minecraft:mined":{"minecraft:farmland":22,"minecraft:smoker":1,"minecraft:crafting_table":4,"minecraft:torch":33,"minecraft:ladder":22,"minecraft:grass_block":14,"minecraft:cobblestone":193,"minecraft:spruce_leaves":19,"minecraft:kelp":2,"minecraft:wall_torch":7,"minecraft:spruce_sapling":1,"minecraft:furnace":2,"minecraft:carrots":2,"minecraft:ice":1,"minecraft:spruce_log":110,"minecraft:potatoes":27,"minecraft:oak_log":6,"minecraft:cobblestone_slab":526,"minecraft:dirt":57,"minecraft:spruce_slab":16,"minecraft:oak_leaves":5},"minecraft:dropped":{"minecraft:stone_axe":4,"minecraft:stone_sword":1,"minecraft:baked_potato":9,"minecraft:dripstone_block":1,"minecraft:poisonous_potato":2,"minecraft:cobblestone":4,"minecraft:rotten_flesh":31,"minecraft:stick":18,"minecraft:dirt":99,"minecraft:cobblestone_slab":65,"minecraft:spruce_boat":1,"minecraft:torch":8,"minecraft:spruce_trapdoor":1,"minecraft:ladder":7,"minecraft:spruce_slab":920,"minecraft:phantom_membrane":1,"minecraft:wooden_pickaxe":4,"minecraft:stone_pickaxe":32,"minecraft:bucket":2,"minecraft:spruce_sapling":1},"minecraft:killed_by":{"minecraft:zombie":1},"minecraft:killed":{"minecraft:witch":2,"minecraft:zombie_villager":2,"minecraft:spider":8,"minecraft:creeper":68,"minecraft:phantom":3,"minecraft:skeleton":87,"minecraft:zombie":69},"minecraft:broken":{"minecraft:stone_pickaxe":5,"minecraft:stone_sword":1,"minecraft:stone_axe":1},"minecraft:picked_up":{"minecraft:charcoal":25,"minecraft:crafting_table":4,"minecraft:ladder":29,"minecraft:water_bucket":2,"minecraft:wooden_pickaxe":2,"minecraft:smoker":1,"minecraft:potato":70,"minecraft:birch_planks":6,"minecraft:ice":1,"minecraft:oak_log":6,"minecraft:gunpowder":77,"minecraft:music_disc_cat":1,"minecraft:dirt":127,"minecraft:string":39,"minecraft:bone":108,"minecraft:kelp":2,"minecraft:bow":9,"minecraft:bucket":1,"minecraft:spruce_planks":58,"minecraft:iron_ingot":1,"minecraft:stone_pickaxe":29,"minecraft:cobblestone_slab":592,"minecraft:spruce_slab":9,"minecraft:spruce_trapdoor":4,"minecraft:phantom_membrane":2,"minecraft:furnace":2,"minecraft:stick":118,"minecraft:music_disc_relic":1,"minecraft:torch":88,"minecraft:poisonous_potato":2,"minecraft:dripstone_block":1,"minecraft:lava_bucket":1,"minecraft:spruce_sapling":58,"minecraft:spruce_log":160,"minecraft:carrot":7,"minecraft:spider_eye":3,"minecraft:stone_sword":1,"minecraft:arrow":95,"minecraft:rotten_flesh":87,"minecraft:spruce_boat":4,"minecraft:stone_axe":2,"minecraft:baked_potato":29,"minecraft:oak_sapling":2,"minecraft:mangrove_propagule":2,"minecraft:cobblestone":2016}},"DataVersion":3463}