{"stats":{"minecraft:used":{"minecraft:dirt":2,"minecraft:lava_bucket":1,"minecraft:crafting_table":1,"minecraft:ice":1,"minecraft:wooden_pickaxe":19,"minecraft:cobblestone_slab":30},"minecraft:crafted":{"minecraft:oak_planks":24,"minecraft:cobblestone_slab":30,"minecraft:crafting_table":1,"minecraft:stick":4,"minecraft:wooden_pickaxe":1},"minecraft:mined":{"minecraft:grass_block":7,"minecraft:oak_log":6,"minecraft:dirt":3,"minecraft:cobblestone":17,"minecraft:ice":1},"minecraft:picked_up":{"minecraft:lava_bucket":1,"minecraft:ice":1,"minecraft:oak_log":6,"minecraft:dirt":9,"minecraft:cobblestone":15},"minecraft:dropped":{"minecraft:wooden_pickaxe":1},"minecraft:custom":{"minecraft:time_since_rest":5864,"minecraft:open_chest":4,"minecraft:crouch_one_cm":6646,"minecraft:sprint_one_cm":971,"minecraft:play_time":5864,"minecraft:damage_taken":10,"minecraft:walk_one_cm":5512,"minecraft:sneak_time":3240,"minecraft:drop":1,"minecraft:jump":21,"minecraft:walk_on_water_one_cm":38,"minecraft:damage_dealt":10,"minecraft:leave_game":1,"minecraft:time_since_death":5864,"minecraft:total_world_time":5864,"minecraft:interact_with_crafting_table":4,"minecraft:fall_one_cm":211,"minecraft:fly_one_cm":384}},"DataVersion":3463}