{"stats":{"minecraft:used":{"minecraft:stone_sword":305,"minecraft:stone_shovel":32,"minecraft:spruce_slab":619,"minecraft:ladder":57,"minecraft:spruce_planks":4,"minecraft:chest":3,"minecraft:stone_hoe":61,"minecraft:rotten_flesh":5,"minecraft:torch":199,"minecraft:dirt":96,"minecraft:carrot":7,"minecraft:spruce_boat":8,"minecraft:lava_bucket":8,"minecraft:bow":4,"minecraft:furnace":3,"minecraft:oak_sapling":1,"minecraft:potato":45,"minecraft:water_bucket":51,"minecraft:stone_pickaxe":984,"minecraft:baked_potato":38,"minecraft:wooden_pickaxe":30,"minecraft:cobblestone_slab":2870,"minecraft:golden_apple":2,"minecraft:crafting_table":11,"minecraft:white_bed":3,"minecraft:smoker":2,"minecraft:spruce_trapdoor":145,"minecraft:spruce_sapling":26,"minecraft:stone_axe":365,"minecraft:cobblestone":1140,"minecraft:bucket":49,"minecraft:ice":1,"minecraft:kelp":1,"minecraft:bone_meal":79},"minecraft:crafted":{"minecraft:oak_planks":24,"minecraft:cobblestone_slab":2208,"minecraft:stone_shovel":1,"minecraft:furnace":2,"minecraft:bone_meal":84,"minecraft:bow":3,"minecraft:ladder":78,"minecraft:spruce_slab":1530,"minecraft:stone_pickaxe":11,"minecraft:chest":3,"minecraft:spruce_boat":3,"minecraft:smoker":1,"minecraft:crafting_table":3,"minecraft:spruce_planks":1012,"minecraft:baked_potato":91,"minecraft:wooden_pickaxe":2,"minecraft:stone_axe":8,"minecraft:air":0,"minecraft:white_wool":9,"minecraft:charcoal":85,"minecraft:stick":280,"minecraft:stone_sword":3,"minecraft:white_bed":3,"minecraft:torch":96},"minecraft:custom":{"minecraft:mob_kills":434,"minecraft:interact_with_crafting_table":90,"minecraft:leave_game":2,"minecraft:time_since_death":132106,"minecraft:climb_one_cm":16657,"minecraft:sprint_one_cm":423070,"minecraft:walk_one_cm":545201,"minecraft:drop":130,"minecraft:talked_to_villager":3,"minecraft:play_time":313790,"minecraft:deaths":10,"minecraft:sneak_time":97794,"minecraft:walk_under_water_one_cm":6637,"minecraft:boat_one_cm":669,"minecraft:jump":3163,"minecraft:walk_on_water_one_cm":22814,"minecraft:total_world_time":313790,"minecraft:interact_with_furnace":14,"minecraft:sleep_in_bed":1,"minecraft:time_since_rest":82469,"minecraft:damage_taken":4201,"minecraft:damage_absorbed":40,"minecraft:damage_dealt":16183,"minecraft:swim_one_cm":4882,"minecraft:fly_one_cm":803158,"minecraft:open_chest":260,"minecraft:crouch_one_cm":366270,"minecraft:interact_with_smoker":16,"minecraft:fall_one_cm":33732},"minecraft:mined":{"minecraft:farmland":22,"minecraft:ladder":22,"minecraft:grass_block":14,"minecraft:spruce_leaves":19,"minecraft:kelp":2,"minecraft:spruce_sapling":1,"minecraft:furnace":2,"minecraft:carrots":2,"minecraft:potatoes":27,"minecraft:cobblestone_slab":681,"minecraft:spruce_slab":16,"minecraft:smoker":1,"minecraft:crafting_table":8,"minecraft:torch":71,"minecraft:cobblestone":309,"minecraft:wall_torch":12,"minecraft:ice":1,"minecraft:spruce_log":110,"minecraft:oak_log":6,"minecraft:dirt":60,"minecraft:oak_leaves":5},"minecraft:dropped":{"minecraft:baked_potato":9,"minecraft:dripstone_block":1,"minecraft:poisonous_potato":2,"minecraft:music_disc_relic":1,"minecraft:cobblestone":134,"minecraft:music_disc_pigstep":1,"minecraft:music_disc_13":1,"minecraft:stick":18,"minecraft:dirt":108,"minecraft:torch":8,"minecraft:phantom_membrane":1,"minecraft:music_disc_wait":1,"minecraft:string":25,"minecraft:music_disc_stal":1,"minecraft:bucket":2,"minecraft:music_disc_cat":1,"minecraft:spruce_sapling":1,"minecraft:bone":79,"minecraft:music_disc_blocks":1,"minecraft:stone_axe":4,"minecraft:stone_sword":2,"minecraft:music_disc_5":3,"minecraft:rotten_flesh":108,"minecraft:music_disc_far":1,"minecraft:cobblestone_slab":65,"minecraft:spruce_boat":1,"minecraft:gunpowder":77,"minecraft:spruce_planks":1,"minecraft:spruce_trapdoor":1,"minecraft:ladder":7,"minecraft:spider_eye":1,"minecraft:spruce_slab":920,"minecraft:bow":10,"minecraft:arrow":61,"minecraft:stone_pickaxe":32,"minecraft:wooden_pickaxe":4},"minecraft:killed_by":{"minecraft:zombie":1},"minecraft:killed":{"minecraft:witch":2,"minecraft:spider":12,"minecraft:phantom":3,"minecraft:skeleton":144,"minecraft:zombie_villager":3,"minecraft:creeper":131,"minecraft:zombie":134},"minecraft:broken":{"minecraft:stone_sword":1,"minecraft:stone_pickaxe":7,"minecraft:stone_axe":2},"minecraft:picked_up":{"minecraft:music_disc_5":3,"minecraft:charcoal":25,"minecraft:crafting_table":8,"minecraft:ladder":60,"minecraft:wooden_pickaxe":2,"minecraft:music_disc_cat":2,"minecraft:string":67,"minecraft:bucket":1,"minecraft:spruce_planks":58,"minecraft:cobblestone_slab":750,"minecraft:spruce_slab":9,"minecraft:spruce_trapdoor":150,"minecraft:phantom_membrane":2,"minecraft:furnace":2,"minecraft:stick":118,"minecraft:music_disc_blocks":1,"minecraft:music_disc_relic":2,"minecraft:torch":132,"minecraft:music_disc_pigstep":1,"minecraft:carrot":7,"minecraft:stone_sword":1,"minecraft:arrow":168,"minecraft:rotten_flesh":171,"minecraft:music_disc_wait":1,"minecraft:cobblestone":2841,"minecraft:water_bucket":2,"minecraft:music_disc_stal":1,"minecraft:smoker":1,"minecraft:potato":73,"minecraft:birch_planks":6,"minecraft:ice":1,"minecraft:oak_log":6,"minecraft:gunpowder":168,"minecraft:dirt":136,"minecraft:bone":196,"minecraft:kelp":2,"minecraft:bow":19,"minecraft:iron_ingot":1,"minecraft:music_disc_far":1,"minecraft:stone_pickaxe":29,"minecraft:music_disc_chirp":1,"minecraft:music_disc_13":1,"minecraft:dripstone_block":1,"minecraft:poisonous_potato":2,"minecraft:lava_bucket":1,"minecraft:spruce_sapling":58,"minecraft:spruce_log":160,"minecraft:spider_eye":4,"minecraft:stone_axe":2,"minecraft:spruce_boat":7,"minecraft:baked_potato":48,"minecraft:oak_sapling":2,"minecraft:mangrove_propagule":2}},"DataVersion":3463}