{"stats":{"minecraft:used":{"minecraft:stone_sword":400,"minecraft:spruce_slab":752,"minecraft:stone_shovel":58,"minecraft:ladder":82,"minecraft:chest":6,"minecraft:spruce_planks":236,"minecraft:stone_hoe":170,"minecraft:rotten_flesh":5,"minecraft:torch":244,"minecraft:dirt":141,"minecraft:carrot":133,"minecraft:obsidian":7,"minecraft:spruce_boat":9,"minecraft:lava_bucket":13,"minecraft:birch_sapling":14,"minecraft:bow":49,"minecraft:oak_sapling":32,"minecraft:furnace":3,"minecraft:potato":45,"minecraft:water_bucket":57,"minecraft:oak_planks":112,"minecraft:stone_pickaxe":1351,"minecraft:baked_potato":139,"minecraft:wooden_pickaxe":30,"minecraft:composter":8,"minecraft:cobblestone_slab":3576,"minecraft:golden_apple":2,"minecraft:crafting_table":14,"minecraft:white_bed":16,"minecraft:smoker":2,"minecraft:oak_log":2,"minecraft:wooden_hoe":33,"minecraft:spruce_trapdoor":150,"minecraft:spruce_sapling":30,"minecraft:stone_axe":1118,"minecraft:cobblestone":1253,"minecraft:bucket":59,"minecraft:ice":1,"minecraft:kelp":1,"minecraft:splash_potion":1,"minecraft:bone_meal":437},"minecraft:crafted":{"minecraft:oak_planks":156,"minecraft:cobblestone_slab":2418,"minecraft:stone_shovel":2,"minecraft:furnace":2,"minecraft:bone_meal":660,"minecraft:bow":6,"minecraft:ladder":78,"minecraft:spruce_slab":1668,"minecraft:stone_pickaxe":13,"minecraft:chest":5,"minecraft:spruce_boat":3,"minecraft:stone_hoe":1,"minecraft:smoker":1,"minecraft:crafting_table":5,"minecraft:spruce_planks":1312,"minecraft:wooden_pickaxe":2,"minecraft:baked_potato":217,"minecraft:birch_planks":28,"minecraft:stone_axe":13,"minecraft:air":0,"minecraft:spruce_trapdoor":4,"minecraft:wooden_hoe":1,"minecraft:white_wool":23,"minecraft:golden_apple":1,"minecraft:charcoal":85,"minecraft:stick":280,"minecraft:stone_sword":3,"minecraft:white_bed":7,"minecraft:composter":2,"minecraft:torch":96},"minecraft:custom":{"minecraft:mob_kills":548,"minecraft:interact_with_crafting_table":117,"minecraft:leave_game":5,"minecraft:time_since_death":119914,"minecraft:climb_one_cm":19875,"minecraft:sprint_one_cm":749480,"minecraft:walk_one_cm":829778,"minecraft:drop":202,"minecraft:talked_to_villager":6,"minecraft:play_time":522112,"minecraft:deaths":12,"minecraft:sneak_time":132315,"minecraft:walk_under_water_one_cm":10720,"minecraft:boat_one_cm":21678,"minecraft:jump":5865,"minecraft:walk_on_water_one_cm":26426,"minecraft:total_world_time":522112,"minecraft:interact_with_furnace":18,"minecraft:sleep_in_bed":8,"minecraft:time_since_rest":19908,"minecraft:damage_taken":9222,"minecraft:damage_absorbed":40,"minecraft:damage_dealt":19686,"minecraft:swim_one_cm":6387,"minecraft:fly_one_cm":1332345,"minecraft:player_kills":2,"minecraft:open_chest":390,"minecraft:crouch_one_cm":492570,"minecraft:interact_with_smoker":34,"minecraft:fall_one_cm":82164},"minecraft:mined":{"minecraft:spruce_planks":88,"minecraft:white_bed":10,"minecraft:oak_sapling":2,"minecraft:farmland":22,"minecraft:ladder":22,"minecraft:grass_block":14,"minecraft:spruce_leaves":33,"minecraft:composter":5,"minecraft:kelp":2,"minecraft:spruce_sapling":1,"minecraft:furnace":2,"minecraft:carrots":61,"minecraft:fire":1,"minecraft:potatoes":27,"minecraft:cobblestone_slab":820,"minecraft:spruce_slab":19,"minecraft:podzol":4,"minecraft:smoker":1,"minecraft:crafting_table":13,"minecraft:torch":81,"minecraft:chest":1,"minecraft:cobblestone":533,"minecraft:oak_planks":94,"minecraft:wall_torch":20,"minecraft:birch_sapling":2,"minecraft:birch_planks":40,"minecraft:birch_log":71,"minecraft:ice":1,"minecraft:spruce_log":336,"minecraft:birch_leaves":16,"minecraft:oak_log":155,"minecraft:dirt":90,"minecraft:oak_leaves":40},"minecraft:dropped":{"minecraft:baked_potato":81,"minecraft:crafting_table":2,"minecraft:dripstone_block":1,"minecraft:poisonous_potato":2,"minecraft:music_disc_relic":1,"minecraft:cobblestone":164,"minecraft:music_disc_pigstep":1,"minecraft:golden_apple":1,"minecraft:music_disc_13":1,"minecraft:stick":18,"minecraft:dirt":108,"minecraft:torch":36,"minecraft:phantom_membrane":1,"minecraft:music_disc_wait":1,"minecraft:string":36,"minecraft:music_disc_stal":1,"minecraft:bucket":3,"minecraft:music_disc_cat":1,"minecraft:spruce_sapling":3,"minecraft:bone":130,"minecraft:music_disc_blocks":1,"minecraft:stone_axe":9,"minecraft:stone_sword":3,"minecraft:obsidian":2,"minecraft:music_disc_5":3,"minecraft:rotten_flesh":328,"minecraft:music_disc_far":1,"minecraft:white_bed":1,"minecraft:carrot":102,"minecraft:cobblestone_slab":97,"minecraft:spruce_boat":4,"minecraft:gunpowder":157,"minecraft:spruce_planks":1,"minecraft:spruce_trapdoor":81,"minecraft:ladder":76,"minecraft:golden_sword":1,"minecraft:spider_eye":1,"minecraft:spruce_slab":920,"minecraft:bow":10,"minecraft:arrow":61,"minecraft:wooden_pickaxe":4,"minecraft:stone_pickaxe":34,"minecraft:music_disc_mellohi":1,"minecraft:splash_potion":1},"minecraft:killed_by":{"minecraft:player":1,"minecraft:witch":1,"minecraft:zombie":1},"minecraft:killed":{"minecraft:zombified_piglin":1,"minecraft:witch":3,"minecraft:spider":15,"minecraft:phantom":3,"minecraft:skeleton":172,"minecraft:zombie_villager":3,"minecraft:creeper":176,"minecraft:zombie":170},"minecraft:broken":{"minecraft:stone_sword":2,"minecraft:stone_hoe":1,"minecraft:stone_pickaxe":10,"minecraft:stone_axe":8},"minecraft:picked_up":{"minecraft:music_disc_5":3,"minecraft:charcoal":53,"minecraft:crafting_table":13,"minecraft:ladder":129,"minecraft:wooden_pickaxe":2,"minecraft:golden_sword":1,"minecraft:music_disc_cat":2,"minecraft:string":84,"minecraft:bucket":1,"minecraft:spruce_planks":140,"minecraft:cobblestone_slab":1425,"minecraft:spruce_slab":14,"minecraft:chest":1,"minecraft:birch_sapling":30,"minecraft:spruce_trapdoor":151,"minecraft:phantom_membrane":2,"minecraft:furnace":2,"minecraft:stick":492,"minecraft:music_disc_blocks":1,"minecraft:music_disc_relic":2,"minecraft:composter":6,"minecraft:torch":264,"minecraft:music_disc_mellohi":1,"minecraft:music_disc_pigstep":1,"minecraft:carrot":214,"minecraft:stone_sword":3,"minecraft:arrow":331,"minecraft:rotten_flesh":395,"minecraft:gold_ingot":30,"minecraft:music_disc_wait":1,"minecraft:cobblestone":3128,"minecraft:birch_log":71,"minecraft:water_bucket":4,"minecraft:music_disc_stal":1,"minecraft:smoker":1,"minecraft:potato":74,"minecraft:birch_planks":27,"minecraft:ice":1,"minecraft:oak_log":155,"minecraft:gunpowder":275,"minecraft:dirt":173,"minecraft:bone":270,"minecraft:apple":1,"minecraft:kelp":2,"minecraft:bow":25,"minecraft:iron_ingot":2,"minecraft:music_disc_far":1,"minecraft:stone_pickaxe":36,"minecraft:oak_planks":88,"minecraft:music_disc_chirp":1,"minecraft:music_disc_13":2,"minecraft:dripstone_block":1,"minecraft:poisonous_potato":2,"minecraft:lava_bucket":1,"minecraft:spruce_sapling":82,"minecraft:white_bed":10,"minecraft:spruce_log":383,"minecraft:spider_eye":4,"minecraft:spruce_boat":11,"minecraft:stone_axe":10,"minecraft:golden_apple":3,"minecraft:baked_potato":82,"minecraft:oak_sapling":77,"minecraft:mangrove_propagule":2}},"DataVersion":3463}