{"stats":{"minecraft:used":{"minecraft:water_bucket":5,"minecraft:stone_pickaxe":27,"minecraft:wooden_pickaxe":30,"minecraft:cobblestone_slab":243,"minecraft:rotten_flesh":2,"minecraft:torch":2,"minecraft:dirt":15,"minecraft:crafting_table":2,"minecraft:carrot":1,"minecraft:lava_bucket":4,"minecraft:spruce_sapling":2,"minecraft:stone_axe":80,"minecraft:cobblestone":31,"minecraft:oak_sapling":1,"minecraft:bucket":8,"minecraft:ice":1,"minecraft:kelp":1,"minecraft:bone_meal":13},"minecraft:killed_by":{"minecraft:zombie":1},"minecraft:mined":{"minecraft:farmland":1,"minecraft:crafting_table":1,"minecraft:grass_block":14,"minecraft:cobblestone":48,"minecraft:spruce_leaves":12,"minecraft:kelp":2,"minecraft:wall_torch":1,"minecraft:carrots":1,"minecraft:ice":1,"minecraft:spruce_log":13,"minecraft:oak_log":6,"minecraft:cobblestone_slab":6,"minecraft:dirt":41,"minecraft:oak_leaves":5},"minecraft:crafted":{"minecraft:oak_planks":24,"minecraft:cobblestone_slab":354,"minecraft:crafting_table":1,"minecraft:spruce_planks":24,"minecraft:wooden_pickaxe":2,"minecraft:bone_meal":33,"minecraft:stone_axe":3,"minecraft:stick":24,"minecraft:stone_pickaxe":3},"minecraft:killed":{"minecraft:spider":3,"minecraft:creeper":5,"minecraft:skeleton":11,"minecraft:zombie":1},"minecraft:dropped":{"minecraft:dripstone_block":1,"minecraft:cobblestone":3,"minecraft:stick":13,"minecraft:dirt":99,"minecraft:cobblestone_slab":64,"minecraft:wooden_pickaxe":4,"minecraft:stone_pickaxe":9,"minecraft:bucket":1,"minecraft:spruce_sapling":1},"minecraft:picked_up":{"minecraft:crafting_table":1,"minecraft:wooden_pickaxe":2,"minecraft:birch_planks":6,"minecraft:ice":1,"minecraft:oak_log":6,"minecraft:gunpowder":2,"minecraft:dirt":90,"minecraft:string":3,"minecraft:bone":18,"minecraft:kelp":2,"minecraft:bow":2,"minecraft:stone_pickaxe":7,"minecraft:cobblestone_slab":62,"minecraft:stick":27,"minecraft:torch":2,"minecraft:dripstone_block":1,"minecraft:lava_bucket":1,"minecraft:spruce_sapling":8,"minecraft:spruce_log":19,"minecraft:carrot":2,"minecraft:arrow":12,"minecraft:rotten_flesh":5,"minecraft:oak_sapling":2,"minecraft:mangrove_propagule":2,"minecraft:cobblestone":160},"minecraft:custom":{"minecraft:mob_kills":21,"minecraft:interact_with_crafting_table":29,"minecraft:leave_game":1,"minecraft:time_since_death":1847,"minecraft:time_since_rest":1873,"minecraft:sprint_one_cm":61215,"minecraft:walk_one_cm":92860,"minecraft:damage_taken":2198,"minecraft:drop":23,"minecraft:damage_dealt":4318,"minecraft:fly_one_cm":86534,"minecraft:open_chest":82,"minecraft:crouch_one_cm":54951,"minecraft:play_time":47864,"minecraft:deaths":8,"minecraft:sneak_time":16285,"minecraft:walk_under_water_one_cm":901,"minecraft:jump":734,"minecraft:walk_on_water_one_cm":4746,"minecraft:total_world_time":47864,"minecraft:fall_one_cm":6381}},"DataVersion":3463}