{"stats":{"minecraft:used":{"minecraft:stone_sword":249,"minecraft:stone_shovel":32,"minecraft:spruce_slab":619,"minecraft:ladder":57,"minecraft:spruce_planks":4,"minecraft:chest":3,"minecraft:stone_hoe":61,"minecraft:rotten_flesh":5,"minecraft:torch":194,"minecraft:dirt":96,"minecraft:carrot":7,"minecraft:spruce_boat":7,"minecraft:lava_bucket":8,"minecraft:bow":1,"minecraft:furnace":3,"minecraft:oak_sapling":1,"minecraft:potato":45,"minecraft:water_bucket":51,"minecraft:stone_pickaxe":923,"minecraft:baked_potato":32,"minecraft:wooden_pickaxe":30,"minecraft:cobblestone_slab":2866,"minecraft:golden_apple":2,"minecraft:crafting_table":11,"minecraft:white_bed":3,"minecraft:smoker":2,"minecraft:spruce_trapdoor":145,"minecraft:spruce_sapling":26,"minecraft:stone_axe":347,"minecraft:cobblestone":1069,"minecraft:bucket":49,"minecraft:ice":1,"minecraft:kelp":1,"minecraft:bone_meal":79},"minecraft:crafted":{"minecraft:oak_planks":24,"minecraft:cobblestone_slab":2208,"minecraft:stone_shovel":1,"minecraft:furnace":2,"minecraft:bone_meal":84,"minecraft:bow":3,"minecraft:ladder":78,"minecraft:spruce_slab":1530,"minecraft:stone_pickaxe":10,"minecraft:chest":3,"minecraft:spruce_boat":3,"minecraft:smoker":1,"minecraft:crafting_table":3,"minecraft:spruce_planks":1012,"minecraft:baked_potato":91,"minecraft:wooden_pickaxe":2,"minecraft:stone_axe":8,"minecraft:air":0,"minecraft:white_wool":9,"minecraft:charcoal":85,"minecraft:stick":280,"minecraft:stone_sword":2,"minecraft:white_bed":3,"minecraft:torch":96},"minecraft:custom":{"minecraft:mob_kills":343,"minecraft:interact_with_crafting_table":87,"minecraft:leave_game":2,"minecraft:time_since_death":120106,"minecraft:climb_one_cm":16657,"minecraft:sprint_one_cm":408731,"minecraft:walk_one_cm":530553,"minecraft:drop":106,"minecraft:talked_to_villager":3,"minecraft:play_time":301790,"minecraft:deaths":10,"minecraft:sneak_time":92810,"minecraft:walk_under_water_one_cm":6470,"minecraft:boat_one_cm":669,"minecraft:jump":3086,"minecraft:walk_on_water_one_cm":22592,"minecraft:total_world_time":301790,"minecraft:interact_with_furnace":14,"minecraft:sleep_in_bed":1,"minecraft:time_since_rest":70469,"minecraft:damage_taken":4001,"minecraft:damage_absorbed":40,"minecraft:damage_dealt":14485,"minecraft:swim_one_cm":4615,"minecraft:fly_one_cm":793976,"minecraft:open_chest":260,"minecraft:crouch_one_cm":345365,"minecraft:interact_with_smoker":16,"minecraft:fall_one_cm":32408},"minecraft:mined":{"minecraft:farmland":22,"minecraft:ladder":22,"minecraft:grass_block":14,"minecraft:spruce_leaves":19,"minecraft:kelp":2,"minecraft:spruce_sapling":1,"minecraft:furnace":2,"minecraft:carrots":2,"minecraft:potatoes":27,"minecraft:cobblestone_slab":675,"minecraft:spruce_slab":16,"minecraft:smoker":1,"minecraft:crafting_table":8,"minecraft:torch":69,"minecraft:cobblestone":254,"minecraft:wall_torch":9,"minecraft:ice":1,"minecraft:spruce_log":110,"minecraft:oak_log":6,"minecraft:dirt":60,"minecraft:oak_leaves":5},"minecraft:dropped":{"minecraft:baked_potato":9,"minecraft:dripstone_block":1,"minecraft:poisonous_potato":2,"minecraft:music_disc_relic":1,"minecraft:cobblestone":4,"minecraft:music_disc_pigstep":1,"minecraft:music_disc_13":1,"minecraft:stick":18,"minecraft:dirt":108,"minecraft:torch":8,"minecraft:phantom_membrane":1,"minecraft:music_disc_wait":1,"minecraft:string":2,"minecraft:music_disc_stal":1,"minecraft:bucket":2,"minecraft:music_disc_cat":1,"minecraft:spruce_sapling":1,"minecraft:bone":1,"minecraft:music_disc_blocks":1,"minecraft:stone_axe":4,"minecraft:stone_sword":1,"minecraft:music_disc_5":3,"minecraft:rotten_flesh":48,"minecraft:music_disc_far":1,"minecraft:cobblestone_slab":65,"minecraft:spruce_boat":1,"minecraft:gunpowder":3,"minecraft:spruce_planks":1,"minecraft:spruce_trapdoor":1,"minecraft:ladder":7,"minecraft:spider_eye":1,"minecraft:spruce_slab":920,"minecraft:bow":2,"minecraft:arrow":5,"minecraft:stone_pickaxe":32,"minecraft:wooden_pickaxe":4},"minecraft:killed_by":{"minecraft:zombie":1},"minecraft:killed":{"minecraft:witch":2,"minecraft:spider":12,"minecraft:phantom":3,"minecraft:skeleton":112,"minecraft:zombie_villager":2,"minecraft:creeper":107,"minecraft:zombie":100},"minecraft:broken":{"minecraft:stone_sword":1,"minecraft:stone_pickaxe":6,"minecraft:stone_axe":2},"minecraft:picked_up":{"minecraft:music_disc_5":3,"minecraft:charcoal":25,"minecraft:crafting_table":8,"minecraft:ladder":60,"minecraft:wooden_pickaxe":2,"minecraft:music_disc_cat":2,"minecraft:string":50,"minecraft:bucket":1,"minecraft:spruce_planks":58,"minecraft:cobblestone_slab":740,"minecraft:spruce_slab":9,"minecraft:spruce_trapdoor":150,"minecraft:phantom_membrane":2,"minecraft:furnace":2,"minecraft:stick":118,"minecraft:music_disc_blocks":1,"minecraft:music_disc_relic":2,"minecraft:torch":127,"minecraft:music_disc_pigstep":1,"minecraft:carrot":7,"minecraft:stone_sword":1,"minecraft:arrow":125,"minecraft:rotten_flesh":127,"minecraft:music_disc_wait":1,"minecraft:cobblestone":2605,"minecraft:water_bucket":2,"minecraft:music_disc_stal":1,"minecraft:smoker":1,"minecraft:potato":73,"minecraft:birch_planks":6,"minecraft:ice":1,"minecraft:oak_log":6,"minecraft:gunpowder":139,"minecraft:dirt":136,"minecraft:bone":166,"minecraft:kelp":2,"minecraft:bow":11,"minecraft:iron_ingot":1,"minecraft:music_disc_far":1,"minecraft:stone_pickaxe":29,"minecraft:music_disc_chirp":1,"minecraft:music_disc_13":1,"minecraft:dripstone_block":1,"minecraft:poisonous_potato":2,"minecraft:lava_bucket":1,"minecraft:spruce_sapling":58,"minecraft:spruce_log":160,"minecraft:spider_eye":4,"minecraft:stone_axe":2,"minecraft:spruce_boat":7,"minecraft:baked_potato":48,"minecraft:oak_sapling":2,"minecraft:mangrove_propagule":2}},"DataVersion":3463}