{"stats":{"minecraft:used":{"minecraft:water_bucket":13,"minecraft:stone_shovel":32,"minecraft:spruce_slab":545,"minecraft:stone_pickaxe":401,"minecraft:baked_potato":11,"minecraft:spruce_planks":4,"minecraft:chest":3,"minecraft:wooden_pickaxe":30,"minecraft:cobblestone_slab":647,"minecraft:stone_hoe":60,"minecraft:rotten_flesh":5,"minecraft:torch":51,"minecraft:dirt":96,"minecraft:crafting_table":3,"minecraft:carrot":7,"minecraft:smoker":2,"minecraft:lava_bucket":8,"minecraft:spruce_sapling":26,"minecraft:stone_axe":268,"minecraft:cobblestone":94,"minecraft:bow":1,"minecraft:furnace":3,"minecraft:oak_sapling":1,"minecraft:bucket":20,"minecraft:ice":1,"minecraft:potato":44,"minecraft:kelp":1,"minecraft:bone_meal":79},"minecraft:killed_by":{"minecraft:zombie":1},"minecraft:broken":{"minecraft:stone_pickaxe":2,"minecraft:stone_axe":1},"minecraft:mined":{"minecraft:farmland":22,"minecraft:smoker":1,"minecraft:crafting_table":2,"minecraft:torch":17,"minecraft:grass_block":14,"minecraft:cobblestone":113,"minecraft:spruce_leaves":19,"minecraft:kelp":2,"minecraft:wall_torch":3,"minecraft:spruce_sapling":1,"minecraft:furnace":2,"minecraft:carrots":2,"minecraft:ice":1,"minecraft:spruce_log":110,"minecraft:potatoes":27,"minecraft:oak_log":6,"minecraft:cobblestone_slab":310,"minecraft:dirt":57,"minecraft:spruce_slab":15,"minecraft:oak_leaves":5},"minecraft:crafted":{"minecraft:oak_planks":24,"minecraft:cobblestone_slab":774,"minecraft:stone_shovel":1,"minecraft:crafting_table":2,"minecraft:spruce_planks":644,"minecraft:baked_potato":14,"minecraft:wooden_pickaxe":2,"minecraft:furnace":2,"minecraft:bone_meal":84,"minecraft:stone_axe":8,"minecraft:air":0,"minecraft:charcoal":21,"minecraft:spruce_slab":762,"minecraft:stick":24,"minecraft:stone_pickaxe":7,"minecraft:chest":3,"minecraft:torch":40,"minecraft:smoker":1},"minecraft:killed":{"minecraft:spider":7,"minecraft:creeper":8,"minecraft:skeleton":14,"minecraft:zombie":6},"minecraft:dropped":{"minecraft:stone_axe":4,"minecraft:baked_potato":4,"minecraft:dripstone_block":1,"minecraft:poisonous_potato":2,"minecraft:cobblestone":3,"minecraft:rotten_flesh":1,"minecraft:stick":13,"minecraft:dirt":99,"minecraft:cobblestone_slab":64,"minecraft:torch":8,"minecraft:wooden_pickaxe":4,"minecraft:stone_pickaxe":30,"minecraft:bucket":1,"minecraft:spruce_sapling":1},"minecraft:picked_up":{"minecraft:crafting_table":2,"minecraft:wooden_pickaxe":2,"minecraft:smoker":1,"minecraft:potato":70,"minecraft:birch_planks":6,"minecraft:ice":1,"minecraft:oak_log":6,"minecraft:gunpowder":5,"minecraft:dirt":127,"minecraft:string":8,"minecraft:bone":30,"minecraft:kelp":2,"minecraft:bow":2,"minecraft:stone_pickaxe":25,"minecraft:cobblestone_slab":256,"minecraft:spruce_slab":8,"minecraft:furnace":2,"minecraft:stick":43,"minecraft:torch":26,"minecraft:poisonous_potato":2,"minecraft:dripstone_block":1,"minecraft:lava_bucket":1,"minecraft:spruce_sapling":43,"minecraft:spruce_log":160,"minecraft:carrot":7,"minecraft:spider_eye":2,"minecraft:arrow":22,"minecraft:rotten_flesh":9,"minecraft:stone_axe":1,"minecraft:baked_potato":4,"minecraft:oak_sapling":2,"minecraft:mangrove_propagule":2,"minecraft:cobblestone":920},"minecraft:custom":{"minecraft:interact_with_furnace":8,"minecraft:mob_kills":36,"minecraft:interact_with_crafting_table":51,"minecraft:leave_game":1,"minecraft:time_since_death":46559,"minecraft:time_since_rest":46587,"minecraft:sprint_one_cm":187647,"minecraft:walk_one_cm":221038,"minecraft:damage_taken":2851,"minecraft:drop":56,"minecraft:damage_dealt":7480,"minecraft:talked_to_villager":1,"minecraft:swim_one_cm":1667,"minecraft:fly_one_cm":475461,"minecraft:open_chest":177,"minecraft:crouch_one_cm":176758,"minecraft:play_time":131864,"minecraft:deaths":9,"minecraft:sneak_time":49048,"minecraft:walk_under_water_one_cm":3267,"minecraft:jump":1767,"minecraft:walk_on_water_one_cm":7912,"minecraft:interact_with_smoker":8,"minecraft:total_world_time":131864,"minecraft:fall_one_cm":15790}},"DataVersion":3463}