{"stats":{"minecraft:used":{"minecraft:stone_sword":373,"minecraft:stone_shovel":32,"minecraft:spruce_slab":619,"minecraft:ladder":57,"minecraft:spruce_planks":9,"minecraft:chest":3,"minecraft:stone_hoe":61,"minecraft:rotten_flesh":5,"minecraft:torch":200,"minecraft:dirt":96,"minecraft:carrot":7,"minecraft:obsidian":7,"minecraft:spruce_boat":8,"minecraft:lava_bucket":13,"minecraft:bow":12,"minecraft:furnace":3,"minecraft:oak_sapling":1,"minecraft:potato":45,"minecraft:water_bucket":52,"minecraft:stone_pickaxe":1002,"minecraft:baked_potato":40,"minecraft:wooden_pickaxe":30,"minecraft:cobblestone_slab":2870,"minecraft:golden_apple":2,"minecraft:crafting_table":11,"minecraft:white_bed":3,"minecraft:smoker":2,"minecraft:spruce_trapdoor":145,"minecraft:spruce_sapling":26,"minecraft:stone_axe":373,"minecraft:cobblestone":1168,"minecraft:bucket":54,"minecraft:ice":1,"minecraft:kelp":1,"minecraft:bone_meal":79},"minecraft:crafted":{"minecraft:oak_planks":24,"minecraft:cobblestone_slab":2208,"minecraft:stone_shovel":1,"minecraft:furnace":2,"minecraft:bone_meal":84,"minecraft:bow":5,"minecraft:ladder":78,"minecraft:spruce_slab":1530,"minecraft:stone_pickaxe":11,"minecraft:chest":3,"minecraft:spruce_boat":3,"minecraft:smoker":1,"minecraft:crafting_table":3,"minecraft:spruce_planks":1024,"minecraft:baked_potato":91,"minecraft:wooden_pickaxe":2,"minecraft:stone_axe":8,"minecraft:air":0,"minecraft:white_wool":9,"minecraft:charcoal":85,"minecraft:stick":280,"minecraft:stone_sword":3,"minecraft:white_bed":3,"minecraft:torch":96},"minecraft:custom":{"minecraft:mob_kills":504,"minecraft:interact_with_crafting_table":91,"minecraft:leave_game":2,"minecraft:time_since_death":144106,"minecraft:climb_one_cm":16657,"minecraft:sprint_one_cm":433962,"minecraft:walk_one_cm":555196,"minecraft:drop":134,"minecraft:talked_to_villager":3,"minecraft:play_time":325790,"minecraft:deaths":10,"minecraft:sneak_time":100382,"minecraft:walk_under_water_one_cm":6700,"minecraft:boat_one_cm":669,"minecraft:jump":3268,"minecraft:walk_on_water_one_cm":23068,"minecraft:total_world_time":325790,"minecraft:interact_with_furnace":14,"minecraft:sleep_in_bed":2,"minecraft:time_since_rest":8128,"minecraft:damage_taken":4241,"minecraft:damage_absorbed":40,"minecraft:damage_dealt":17377,"minecraft:swim_one_cm":5622,"minecraft:fly_one_cm":830704,"minecraft:open_chest":265,"minecraft:crouch_one_cm":378558,"minecraft:interact_with_smoker":16,"minecraft:fall_one_cm":36305},"minecraft:mined":{"minecraft:spruce_planks":5,"minecraft:farmland":22,"minecraft:ladder":22,"minecraft:grass_block":14,"minecraft:spruce_leaves":24,"minecraft:kelp":2,"minecraft:spruce_sapling":1,"minecraft:furnace":2,"minecraft:carrots":2,"minecraft:fire":1,"minecraft:potatoes":27,"minecraft:cobblestone_slab":681,"minecraft:spruce_slab":16,"minecraft:smoker":1,"minecraft:crafting_table":8,"minecraft:torch":71,"minecraft:cobblestone":327,"minecraft:wall_torch":13,"minecraft:ice":1,"minecraft:spruce_log":113,"minecraft:oak_log":6,"minecraft:dirt":60,"minecraft:oak_leaves":5},"minecraft:dropped":{"minecraft:baked_potato":9,"minecraft:dripstone_block":1,"minecraft:poisonous_potato":2,"minecraft:music_disc_relic":1,"minecraft:cobblestone":134,"minecraft:music_disc_pigstep":1,"minecraft:music_disc_13":1,"minecraft:stick":18,"minecraft:dirt":108,"minecraft:torch":8,"minecraft:phantom_membrane":1,"minecraft:music_disc_wait":1,"minecraft:string":25,"minecraft:music_disc_stal":1,"minecraft:bucket":3,"minecraft:music_disc_cat":1,"minecraft:spruce_sapling":1,"minecraft:bone":79,"minecraft:music_disc_blocks":1,"minecraft:stone_axe":4,"minecraft:stone_sword":2,"minecraft:obsidian":2,"minecraft:music_disc_5":3,"minecraft:rotten_flesh":108,"minecraft:music_disc_far":1,"minecraft:cobblestone_slab":65,"minecraft:spruce_boat":1,"minecraft:gunpowder":78,"minecraft:spruce_planks":1,"minecraft:spruce_trapdoor":1,"minecraft:ladder":7,"minecraft:spider_eye":1,"minecraft:spruce_slab":920,"minecraft:bow":10,"minecraft:arrow":61,"minecraft:stone_pickaxe":32,"minecraft:wooden_pickaxe":4},"minecraft:killed_by":{"minecraft:zombie":1},"minecraft:killed":{"minecraft:witch":2,"minecraft:spider":12,"minecraft:phantom":3,"minecraft:skeleton":160,"minecraft:zombie_villager":3,"minecraft:creeper":160,"minecraft:zombie":159},"minecraft:broken":{"minecraft:stone_sword":1,"minecraft:stone_pickaxe":7,"minecraft:stone_axe":2},"minecraft:picked_up":{"minecraft:music_disc_5":3,"minecraft:charcoal":25,"minecraft:crafting_table":8,"minecraft:ladder":60,"minecraft:wooden_pickaxe":2,"minecraft:music_disc_cat":2,"minecraft:string":73,"minecraft:bucket":1,"minecraft:spruce_planks":62,"minecraft:cobblestone_slab":750,"minecraft:spruce_slab":9,"minecraft:spruce_trapdoor":150,"minecraft:phantom_membrane":2,"minecraft:furnace":2,"minecraft:stick":118,"minecraft:music_disc_blocks":1,"minecraft:music_disc_relic":2,"minecraft:torch":133,"minecraft:music_disc_pigstep":1,"minecraft:carrot":7,"minecraft:stone_sword":1,"minecraft:arrow":185,"minecraft:rotten_flesh":190,"minecraft:music_disc_wait":1,"minecraft:cobblestone":2853,"minecraft:water_bucket":2,"minecraft:music_disc_stal":1,"minecraft:smoker":1,"minecraft:potato":73,"minecraft:birch_planks":6,"minecraft:ice":1,"minecraft:oak_log":6,"minecraft:gunpowder":195,"minecraft:dirt":136,"minecraft:bone":209,"minecraft:kelp":2,"minecraft:bow":22,"minecraft:iron_ingot":1,"minecraft:music_disc_far":1,"minecraft:stone_pickaxe":29,"minecraft:music_disc_chirp":1,"minecraft:music_disc_13":1,"minecraft:dripstone_block":1,"minecraft:poisonous_potato":2,"minecraft:lava_bucket":1,"minecraft:spruce_sapling":58,"minecraft:spruce_log":163,"minecraft:spider_eye":4,"minecraft:stone_axe":2,"minecraft:spruce_boat":7,"minecraft:baked_potato":48,"minecraft:oak_sapling":2,"minecraft:mangrove_propagule":2}},"DataVersion":3463}