{"stats":{"minecraft:used":{"minecraft:stone_sword":435,"minecraft:spruce_slab":779,"minecraft:stone_shovel":58,"minecraft:ladder":82,"minecraft:chest":7,"minecraft:spruce_planks":236,"minecraft:stone_hoe":170,"minecraft:rotten_flesh":5,"minecraft:torch":244,"minecraft:dirt":141,"minecraft:carrot":133,"minecraft:obsidian":7,"minecraft:spruce_boat":10,"minecraft:lava_bucket":13,"minecraft:birch_sapling":14,"minecraft:bow":59,"minecraft:oak_sapling":32,"minecraft:furnace":3,"minecraft:potato":45,"minecraft:water_bucket":57,"minecraft:baked_potato":144,"minecraft:stone_pickaxe":1412,"minecraft:oak_planks":112,"minecraft:wooden_pickaxe":30,"minecraft:composter":8,"minecraft:cobblestone_slab":3577,"minecraft:golden_apple":2,"minecraft:crafting_table":16,"minecraft:white_bed":16,"minecraft:smoker":2,"minecraft:oak_log":2,"minecraft:wooden_hoe":33,"minecraft:spruce_trapdoor":150,"minecraft:spruce_sapling":30,"minecraft:golden_helmet":1,"minecraft:stone_axe":1120,"minecraft:cobblestone":1306,"minecraft:bucket":59,"minecraft:ice":1,"minecraft:kelp":1,"minecraft:splash_potion":1,"minecraft:bone_meal":437},"minecraft:crafted":{"minecraft:oak_planks":156,"minecraft:cobblestone_slab":2418,"minecraft:stone_shovel":2,"minecraft:furnace":2,"minecraft:bone_meal":660,"minecraft:bow":6,"minecraft:ladder":78,"minecraft:spruce_slab":1794,"minecraft:stone_pickaxe":13,"minecraft:chest":5,"minecraft:spruce_boat":4,"minecraft:stone_hoe":1,"minecraft:golden_helmet":1,"minecraft:smoker":1,"minecraft:crafting_table":6,"minecraft:spruce_planks":1316,"minecraft:wooden_pickaxe":2,"minecraft:baked_potato":238,"minecraft:birch_planks":28,"minecraft:stone_axe":13,"minecraft:air":0,"minecraft:spruce_trapdoor":4,"minecraft:wooden_hoe":1,"minecraft:white_wool":25,"minecraft:charcoal":85,"minecraft:golden_apple":1,"minecraft:stick":280,"minecraft:stone_sword":3,"minecraft:white_bed":7,"minecraft:composter":2,"minecraft:torch":96},"minecraft:custom":{"minecraft:mob_kills":668,"minecraft:interact_with_crafting_table":123,"minecraft:leave_game":6,"minecraft:time_since_death":139836,"minecraft:climb_one_cm":19875,"minecraft:sprint_one_cm":776369,"minecraft:walk_one_cm":849204,"minecraft:drop":209,"minecraft:talked_to_villager":6,"minecraft:play_time":542034,"minecraft:sneak_time":136507,"minecraft:deaths":12,"minecraft:walk_under_water_one_cm":10944,"minecraft:boat_one_cm":29664,"minecraft:jump":6111,"minecraft:walk_on_water_one_cm":26725,"minecraft:total_world_time":542034,"minecraft:interact_with_furnace":18,"minecraft:sleep_in_bed":8,"minecraft:time_since_rest":39830,"minecraft:damage_absorbed":40,"minecraft:damage_taken":9402,"minecraft:damage_dealt":20333,"minecraft:swim_one_cm":7424,"minecraft:fly_one_cm":1375832,"minecraft:player_kills":2,"minecraft:open_chest":420,"minecraft:crouch_one_cm":508157,"minecraft:interact_with_smoker":35,"minecraft:fall_one_cm":86854},"minecraft:mined":{"minecraft:spruce_planks":88,"minecraft:white_bed":10,"minecraft:oak_sapling":2,"minecraft:farmland":22,"minecraft:ladder":22,"minecraft:grass_block":14,"minecraft:spruce_leaves":33,"minecraft:composter":5,"minecraft:kelp":2,"minecraft:spruce_sapling":1,"minecraft:furnace":2,"minecraft:carrots":61,"minecraft:fire":1,"minecraft:potatoes":27,"minecraft:cobblestone_slab":820,"minecraft:spruce_slab":19,"minecraft:podzol":4,"minecraft:smoker":1,"minecraft:crafting_table":14,"minecraft:torch":81,"minecraft:chest":2,"minecraft:cobblestone":594,"minecraft:oak_planks":94,"minecraft:wall_torch":20,"minecraft:birch_sapling":2,"minecraft:birch_planks":40,"minecraft:birch_log":71,"minecraft:ice":1,"minecraft:spruce_log":336,"minecraft:birch_leaves":16,"minecraft:oak_log":155,"minecraft:dirt":90,"minecraft:oak_leaves":40},"minecraft:dropped":{"minecraft:baked_potato":81,"minecraft:crafting_table":2,"minecraft:dripstone_block":1,"minecraft:poisonous_potato":2,"minecraft:music_disc_relic":1,"minecraft:cobblestone":164,"minecraft:music_disc_pigstep":1,"minecraft:golden_apple":1,"minecraft:music_disc_13":1,"minecraft:stick":18,"minecraft:dirt":108,"minecraft:torch":36,"minecraft:phantom_membrane":1,"minecraft:music_disc_wait":1,"minecraft:string":36,"minecraft:music_disc_stal":1,"minecraft:bucket":3,"minecraft:music_disc_cat":1,"minecraft:spruce_sapling":3,"minecraft:gold_ingot":2,"minecraft:bone":143,"minecraft:music_disc_blocks":1,"minecraft:stone_axe":9,"minecraft:stone_sword":3,"minecraft:obsidian":2,"minecraft:music_disc_5":3,"minecraft:rotten_flesh":334,"minecraft:music_disc_far":1,"minecraft:white_bed":1,"minecraft:carrot":102,"minecraft:potato":1,"minecraft:cobblestone_slab":97,"minecraft:spruce_boat":4,"minecraft:gunpowder":175,"minecraft:spruce_planks":1,"minecraft:spruce_trapdoor":81,"minecraft:ladder":76,"minecraft:golden_sword":1,"minecraft:spider_eye":1,"minecraft:spruce_slab":920,"minecraft:bow":10,"minecraft:arrow":63,"minecraft:wooden_pickaxe":4,"minecraft:stone_pickaxe":34,"minecraft:music_disc_mellohi":1,"minecraft:splash_potion":1},"minecraft:killed_by":{"minecraft:player":1,"minecraft:witch":1,"minecraft:zombie":1},"minecraft:killed":{"minecraft:zombified_piglin":1,"minecraft:witch":3,"minecraft:spider":16,"minecraft:phantom":3,"minecraft:skeleton":185,"minecraft:magma_cube":4,"minecraft:zombie_villager":3,"minecraft:creeper":192,"minecraft:zombie":183},"minecraft:broken":{"minecraft:stone_sword":2,"minecraft:stone_hoe":1,"minecraft:stone_pickaxe":10,"minecraft:stone_axe":8},"minecraft:picked_up":{"minecraft:music_disc_5":3,"minecraft:charcoal":53,"minecraft:crafting_table":14,"minecraft:ladder":129,"minecraft:wooden_pickaxe":2,"minecraft:golden_sword":1,"minecraft:music_disc_cat":2,"minecraft:string":89,"minecraft:gold_nugget":38,"minecraft:bucket":1,"minecraft:spruce_planks":140,"minecraft:cobblestone_slab":1425,"minecraft:spruce_slab":14,"minecraft:chest":2,"minecraft:birch_sapling":30,"minecraft:spruce_trapdoor":151,"minecraft:phantom_membrane":2,"minecraft:furnace":2,"minecraft:stick":492,"minecraft:music_disc_blocks":1,"minecraft:music_disc_relic":2,"minecraft:composter":6,"minecraft:torch":264,"minecraft:music_disc_mellohi":1,"minecraft:music_disc_pigstep":1,"minecraft:carrot":214,"minecraft:stone_sword":3,"minecraft:arrow":343,"minecraft:rotten_flesh":401,"minecraft:gold_ingot":36,"minecraft:music_disc_wait":1,"minecraft:obsidian":1,"minecraft:cobblestone":3179,"minecraft:birch_log":71,"minecraft:water_bucket":4,"minecraft:music_disc_stal":1,"minecraft:smoker":1,"minecraft:potato":75,"minecraft:birch_planks":27,"minecraft:ice":1,"minecraft:oak_log":155,"minecraft:gunpowder":293,"minecraft:dirt":173,"minecraft:bone":283,"minecraft:apple":1,"minecraft:kelp":2,"minecraft:bow":25,"minecraft:iron_ingot":2,"minecraft:music_disc_far":1,"minecraft:stone_pickaxe":36,"minecraft:oak_planks":88,"minecraft:music_disc_chirp":1,"minecraft:music_disc_13":2,"minecraft:dripstone_block":1,"minecraft:poisonous_potato":2,"minecraft:lava_bucket":1,"minecraft:spruce_sapling":82,"minecraft:white_bed":10,"minecraft:spruce_log":383,"minecraft:spider_eye":4,"minecraft:spruce_boat":11,"minecraft:stone_axe":10,"minecraft:golden_apple":3,"minecraft:baked_potato":82,"minecraft:oak_sapling":77,"minecraft:mangrove_propagule":2}},"DataVersion":3463}