{"stats":{"minecraft:used":{"minecraft:stone_sword":487,"minecraft:oak_sign":3,"minecraft:spruce_slab":2045,"minecraft:stone_shovel":141,"minecraft:ladder":82,"minecraft:chest":8,"minecraft:spruce_planks":239,"minecraft:stone_hoe":236,"minecraft:rotten_flesh":5,"minecraft:torch":373,"minecraft:dirt":153,"minecraft:carrot":133,"minecraft:oak_wood":11,"minecraft:obsidian":7,"minecraft:spruce_boat":21,"minecraft:lava_bucket":22,"minecraft:birch_sapling":14,"minecraft:bow":64,"minecraft:oak_sapling":66,"minecraft:furnace":3,"minecraft:cooked_beef":1,"minecraft:potato":45,"minecraft:pointed_dripstone":2,"minecraft:water_bucket":115,"minecraft:baked_potato":185,"minecraft:stone_pickaxe":2008,"minecraft:oak_planks":112,"minecraft:cauldron":1,"minecraft:wooden_pickaxe":30,"minecraft:sugar_cane":8,"minecraft:composter":37,"minecraft:fletching_table":28,"minecraft:spruce_fence_gate":3,"minecraft:cobblestone_slab":3999,"minecraft:golden_apple":2,"minecraft:sand":18,"minecraft:oak_slab":95,"minecraft:crafting_table":25,"minecraft:birch_sign":6,"minecraft:white_bed":29,"minecraft:dripstone_block":2,"minecraft:spruce_log":4,"minecraft:smoker":2,"minecraft:oak_log":286,"minecraft:wooden_hoe":33,"minecraft:diamond_pickaxe":51,"minecraft:spruce_trapdoor":181,"minecraft:gravel":4,"minecraft:spruce_sapling":38,"minecraft:golden_helmet":1,"minecraft:stone_axe":1731,"minecraft:cobblestone":2219,"minecraft:bucket":125,"minecraft:ice":1,"minecraft:kelp":1,"minecraft:coarse_dirt":60,"minecraft:splash_potion":1,"minecraft:bone_meal":617},"minecraft:crafted":{"minecraft:coarse_dirt":60,"minecraft:oak_planks":160,"minecraft:cobblestone_slab":2646,"minecraft:stone_shovel":2,"minecraft:oak_sign":3,"minecraft:furnace":2,"minecraft:bone_meal":660,"minecraft:bow":6,"minecraft:ladder":78,"minecraft:spruce_slab":2970,"minecraft:stone_pickaxe":30,"minecraft:chest":5,"minecraft:spruce_boat":6,"minecraft:stone_hoe":2,"minecraft:birch_sign":6,"minecraft:golden_helmet":1,"minecraft:smoker":1,"minecraft:oak_slab":138,"minecraft:emerald":1,"minecraft:crafting_table":7,"minecraft:spruce_planks":2128,"minecraft:wooden_pickaxe":2,"minecraft:baked_potato":238,"minecraft:oak_wood":3,"minecraft:birch_planks":28,"minecraft:stone_axe":17,"minecraft:air":0,"minecraft:spruce_trapdoor":34,"minecraft:wooden_hoe":1,"minecraft:white_wool":46,"minecraft:charcoal":106,"minecraft:golden_apple":1,"minecraft:stick":296,"minecraft:stone_sword":3,"minecraft:gold_ingot":4,"minecraft:white_bed":13,"minecraft:composter":5,"minecraft:spruce_fence_gate":12,"minecraft:torch":192},"minecraft:custom":{"minecraft:interact_with_smithing_table":2,"minecraft:mob_kills":694,"minecraft:interact_with_crafting_table":168,"minecraft:leave_game":8,"minecraft:time_since_death":453775,"minecraft:climb_one_cm":19875,"minecraft:sprint_one_cm":1172287,"minecraft:walk_one_cm":1433967,"minecraft:drop":286,"minecraft:talked_to_villager":55,"minecraft:play_time":855973,"minecraft:sneak_time":180855,"minecraft:deaths":12,"minecraft:walk_under_water_one_cm":18716,"minecraft:boat_one_cm":60798,"minecraft:jump":10291,"minecraft:walk_on_water_one_cm":77104,"minecraft:total_world_time":855973,"minecraft:interact_with_furnace":28,"minecraft:traded_with_villager":1,"minecraft:sleep_in_bed":19,"minecraft:time_since_rest":3889,"minecraft:damage_absorbed":40,"minecraft:damage_taken":10334,"minecraft:damage_dealt":21361,"minecraft:swim_one_cm":12072,"minecraft:fly_one_cm":2220374,"minecraft:player_kills":2,"minecraft:open_chest":573,"minecraft:crouch_one_cm":678345,"minecraft:interact_with_smoker":41,"minecraft:fall_one_cm":154466,"minecraft:use_cauldron":3},"minecraft:mined":{"minecraft:spruce_planks":91,"minecraft:white_bed":17,"minecraft:oak_sapling":2,"minecraft:farmland":25,"minecraft:spruce_trapdoor":12,"minecraft:ladder":22,"minecraft:grass_block":14,"minecraft:spruce_leaves":39,"minecraft:composter":31,"minecraft:kelp":2,"minecraft:sandstone":9,"minecraft:spruce_sapling":1,"minecraft:furnace":2,"minecraft:carrots":61,"minecraft:fire":1,"minecraft:fletching_table":26,"minecraft:potatoes":27,"minecraft:pointed_dripstone":2,"minecraft:cobblestone_slab":953,"minecraft:stripped_oak_log":1,"minecraft:spruce_slab":52,"minecraft:podzol":8,"minecraft:oak_slab":19,"minecraft:smoker":1,"minecraft:crafting_table":22,"minecraft:torch":129,"minecraft:oak_wood":8,"minecraft:chest":3,"minecraft:cobblestone":1089,"minecraft:oak_planks":104,"minecraft:sugar_cane":6,"minecraft:wall_torch":44,"minecraft:cauldron":1,"minecraft:birch_sapling":2,"minecraft:birch_planks":40,"minecraft:birch_log":71,"minecraft:ice":1,"minecraft:spruce_log":542,"minecraft:birch_leaves":16,"minecraft:oak_log":377,"minecraft:sand":18,"minecraft:gravel":4,"minecraft:dripstone_block":2,"minecraft:dirt":147,"minecraft:oak_leaves":58},"minecraft:dropped":{"minecraft:baked_potato":91,"minecraft:glass_bottle":2,"minecraft:crafting_table":2,"minecraft:dripstone_block":1,"minecraft:poisonous_potato":2,"minecraft:music_disc_relic":1,"minecraft:cobblestone":308,"minecraft:music_disc_pigstep":1,"minecraft:emerald":1,"minecraft:golden_apple":1,"minecraft:music_disc_13":1,"minecraft:stick":43,"minecraft:dirt":108,"minecraft:torch":36,"minecraft:phantom_membrane":1,"minecraft:music_disc_wait":1,"minecraft:string":43,"minecraft:music_disc_stal":1,"minecraft:bucket":3,"minecraft:music_disc_cat":1,"minecraft:spruce_sapling":7,"minecraft:gold_ingot":83,"minecraft:bone":182,"minecraft:music_disc_blocks":1,"minecraft:stone_axe":9,"minecraft:stone_sword":3,"minecraft:nether_brick":2,"minecraft:obsidian":2,"minecraft:music_disc_5":3,"minecraft:rotten_flesh":388,"minecraft:music_disc_far":1,"minecraft:white_bed":1,"minecraft:carrot":102,"minecraft:potato":2,"minecraft:cobblestone_slab":99,"minecraft:spruce_boat":4,"minecraft:gunpowder":226,"minecraft:spruce_trapdoor":81,"minecraft:spruce_planks":1,"minecraft:oak_sapling":5,"minecraft:ladder":76,"minecraft:golden_sword":1,"minecraft:spider_eye":1,"minecraft:spruce_log":64,"minecraft:spruce_slab":920,"minecraft:bow":13,"minecraft:arrow":108,"minecraft:stone_pickaxe":58,"minecraft:wooden_pickaxe":4,"minecraft:music_disc_mellohi":1,"minecraft:splash_potion":1},"minecraft:killed_by":{"minecraft:player":1,"minecraft:witch":1,"minecraft:zombie":1},"minecraft:killed":{"minecraft:witch":3,"minecraft:zombified_piglin":1,"minecraft:spider":16,"minecraft:phantom":3,"minecraft:skeleton":189,"minecraft:cat":4,"minecraft:magma_cube":4,"minecraft:zombie_villager":3,"minecraft:creeper":201,"minecraft:zombie":192},"minecraft:broken":{"minecraft:stone_sword":2,"minecraft:stone_hoe":1,"minecraft:stone_pickaxe":14,"minecraft:stone_axe":12},"minecraft:picked_up":{"minecraft:music_disc_5":3,"minecraft:charcoal":53,"minecraft:crafting_table":22,"minecraft:splash_potion":2,"minecraft:ladder":129,"minecraft:wooden_pickaxe":2,"minecraft:potion":1,"minecraft:enchanted_book":1,"minecraft:nether_brick":5,"minecraft:golden_sword":1,"minecraft:music_disc_cat":2,"minecraft:string":198,"minecraft:blackstone":11,"minecraft:gold_nugget":38,"minecraft:bucket":1,"minecraft:spruce_planks":143,"minecraft:cobblestone_slab":1561,"minecraft:spruce_slab":47,"minecraft:sugar_cane":7,"minecraft:chest":3,"minecraft:birch_sapling":30,"minecraft:spruce_trapdoor":162,"minecraft:phantom_membrane":2,"minecraft:iron_boots":1,"minecraft:furnace":2,"minecraft:stick":534,"minecraft:sandstone":9,"minecraft:music_disc_blocks":1,"minecraft:music_disc_relic":2,"minecraft:composter":32,"minecraft:torch":357,"minecraft:music_disc_mellohi":1,"minecraft:fire_charge":3,"minecraft:pointed_dripstone":2,"minecraft:music_disc_pigstep":1,"minecraft:carrot":214,"minecraft:cauldron":1,"minecraft:stone_sword":6,"minecraft:arrow":453,"minecraft:rotten_flesh":498,"minecraft:gold_ingot":82,"minecraft:music_disc_wait":1,"minecraft:obsidian":4,"minecraft:cobblestone":3932,"minecraft:stripped_oak_log":1,"minecraft:birch_log":71,"minecraft:cooked_beef":2,"minecraft:water_bucket":4,"minecraft:leather":9,"minecraft:music_disc_stal":1,"minecraft:smoker":1,"minecraft:potato":76,"minecraft:birch_planks":27,"minecraft:ice":1,"minecraft:oak_log":435,"minecraft:gunpowder":616,"minecraft:dirt":237,"minecraft:bone":605,"minecraft:apple":8,"minecraft:kelp":2,"minecraft:bow":30,"minecraft:iron_ingot":2,"minecraft:music_disc_far":1,"minecraft:stone_pickaxe":45,"minecraft:fletching_table":28,"minecraft:glass_bottle":4,"minecraft:oak_planks":98,"minecraft:music_disc_chirp":1,"minecraft:oak_slab":19,"minecraft:music_disc_13":2,"minecraft:quartz":12,"minecraft:poisonous_potato":2,"minecraft:dripstone_block":3,"minecraft:gravel":35,"minecraft:lava_bucket":1,"minecraft:sand":18,"minecraft:spruce_sapling":101,"minecraft:white_bed":17,"minecraft:spruce_log":590,"minecraft:crying_obsidian":3,"minecraft:spectral_arrow":24,"minecraft:spider_eye":5,"minecraft:oak_wood":8,"minecraft:diamond_shovel":3,"minecraft:spruce_boat":22,"minecraft:stone_axe":10,"minecraft:golden_apple":3,"minecraft:baked_potato":82,"minecraft:oak_sapling":148,"minecraft:netherrack":97,"minecraft:mangrove_propagule":2,"minecraft:diamond_pickaxe":1,"minecraft:ender_pearl":4}},"DataVersion":3463}