{"stats":{"minecraft:used":{"minecraft:stone_sword":400,"minecraft:spruce_slab":619,"minecraft:stone_shovel":32,"minecraft:ladder":82,"minecraft:chest":4,"minecraft:spruce_planks":9,"minecraft:stone_hoe":61,"minecraft:rotten_flesh":5,"minecraft:torch":207,"minecraft:dirt":109,"minecraft:carrot":7,"minecraft:obsidian":7,"minecraft:spruce_boat":9,"minecraft:lava_bucket":13,"minecraft:birch_sapling":14,"minecraft:bow":14,"minecraft:oak_sapling":32,"minecraft:furnace":3,"minecraft:potato":45,"minecraft:water_bucket":52,"minecraft:stone_pickaxe":1151,"minecraft:baked_potato":115,"minecraft:wooden_pickaxe":30,"minecraft:cobblestone_slab":3178,"minecraft:golden_apple":2,"minecraft:crafting_table":11,"minecraft:white_bed":3,"minecraft:smoker":2,"minecraft:spruce_trapdoor":147,"minecraft:spruce_sapling":26,"minecraft:stone_axe":641,"minecraft:cobblestone":1215,"minecraft:bucket":54,"minecraft:ice":1,"minecraft:kelp":1,"minecraft:splash_potion":1,"minecraft:bone_meal":281},"minecraft:crafted":{"minecraft:oak_planks":24,"minecraft:cobblestone_slab":2208,"minecraft:stone_shovel":1,"minecraft:furnace":2,"minecraft:bone_meal":303,"minecraft:bow":6,"minecraft:ladder":78,"minecraft:spruce_slab":1530,"minecraft:stone_pickaxe":11,"minecraft:chest":3,"minecraft:spruce_boat":3,"minecraft:smoker":1,"minecraft:crafting_table":4,"minecraft:spruce_planks":1024,"minecraft:wooden_pickaxe":2,"minecraft:baked_potato":115,"minecraft:stone_axe":10,"minecraft:air":0,"minecraft:white_wool":9,"minecraft:golden_apple":1,"minecraft:charcoal":85,"minecraft:stick":280,"minecraft:stone_sword":3,"minecraft:white_bed":3,"minecraft:torch":96},"minecraft:custom":{"minecraft:mob_kills":532,"minecraft:interact_with_crafting_table":96,"minecraft:leave_game":4,"minecraft:time_since_death":14393,"minecraft:climb_one_cm":19875,"minecraft:sprint_one_cm":578168,"minecraft:walk_one_cm":663569,"minecraft:drop":167,"minecraft:talked_to_villager":4,"minecraft:play_time":416591,"minecraft:deaths":12,"minecraft:sneak_time":111395,"minecraft:walk_under_water_one_cm":6779,"minecraft:boat_one_cm":8624,"minecraft:jump":4216,"minecraft:walk_on_water_one_cm":24083,"minecraft:total_world_time":416591,"minecraft:interact_with_furnace":17,"minecraft:sleep_in_bed":5,"minecraft:time_since_rest":14426,"minecraft:damage_taken":8436,"minecraft:damage_absorbed":40,"minecraft:damage_dealt":18739,"minecraft:swim_one_cm":5820,"minecraft:fly_one_cm":1027227,"minecraft:player_kills":1,"minecraft:open_chest":305,"minecraft:crouch_one_cm":422314,"minecraft:interact_with_smoker":20,"minecraft:fall_one_cm":49689},"minecraft:mined":{"minecraft:spruce_planks":5,"minecraft:oak_sapling":2,"minecraft:farmland":22,"minecraft:ladder":22,"minecraft:grass_block":14,"minecraft:spruce_leaves":25,"minecraft:kelp":2,"minecraft:spruce_sapling":1,"minecraft:furnace":2,"minecraft:carrots":2,"minecraft:fire":1,"minecraft:potatoes":27,"minecraft:cobblestone_slab":753,"minecraft:spruce_slab":16,"minecraft:smoker":1,"minecraft:crafting_table":10,"minecraft:torch":72,"minecraft:chest":1,"minecraft:cobblestone":401,"minecraft:wall_torch":17,"minecraft:birch_sapling":2,"minecraft:birch_log":71,"minecraft:ice":1,"minecraft:spruce_log":121,"minecraft:birch_leaves":16,"minecraft:oak_log":155,"minecraft:dirt":64,"minecraft:oak_leaves":40},"minecraft:dropped":{"minecraft:baked_potato":9,"minecraft:crafting_table":2,"minecraft:dripstone_block":1,"minecraft:poisonous_potato":2,"minecraft:music_disc_relic":1,"minecraft:cobblestone":144,"minecraft:music_disc_pigstep":1,"minecraft:music_disc_13":1,"minecraft:stick":18,"minecraft:dirt":108,"minecraft:torch":8,"minecraft:phantom_membrane":1,"minecraft:music_disc_wait":1,"minecraft:string":31,"minecraft:music_disc_stal":1,"minecraft:bucket":3,"minecraft:music_disc_cat":1,"minecraft:spruce_sapling":1,"minecraft:bone":109,"minecraft:music_disc_blocks":1,"minecraft:stone_axe":9,"minecraft:stone_sword":3,"minecraft:obsidian":2,"minecraft:music_disc_5":3,"minecraft:rotten_flesh":318,"minecraft:music_disc_far":1,"minecraft:cobblestone_slab":97,"minecraft:spruce_boat":1,"minecraft:gunpowder":140,"minecraft:spruce_planks":1,"minecraft:spruce_trapdoor":81,"minecraft:ladder":76,"minecraft:golden_sword":1,"minecraft:spider_eye":1,"minecraft:spruce_slab":920,"minecraft:bow":10,"minecraft:arrow":61,"minecraft:wooden_pickaxe":4,"minecraft:stone_pickaxe":34},"minecraft:killed_by":{"minecraft:player":1,"minecraft:witch":1,"minecraft:zombie":1},"minecraft:killed":{"minecraft:witch":3,"minecraft:spider":12,"minecraft:phantom":3,"minecraft:skeleton":168,"minecraft:zombie_villager":3,"minecraft:creeper":173,"minecraft:zombie":165},"minecraft:broken":{"minecraft:stone_sword":2,"minecraft:stone_pickaxe":8,"minecraft:stone_axe":4},"minecraft:picked_up":{"minecraft:music_disc_5":3,"minecraft:charcoal":53,"minecraft:crafting_table":10,"minecraft:ladder":129,"minecraft:wooden_pickaxe":2,"minecraft:golden_sword":1,"minecraft:music_disc_cat":2,"minecraft:string":79,"minecraft:bucket":1,"minecraft:spruce_planks":62,"minecraft:cobblestone_slab":1363,"minecraft:spruce_slab":9,"minecraft:chest":1,"minecraft:birch_sapling":30,"minecraft:spruce_trapdoor":151,"minecraft:phantom_membrane":2,"minecraft:furnace":2,"minecraft:stick":485,"minecraft:music_disc_blocks":1,"minecraft:music_disc_relic":2,"minecraft:torch":246,"minecraft:music_disc_pigstep":1,"minecraft:carrot":7,"minecraft:stone_sword":2,"minecraft:arrow":320,"minecraft:rotten_flesh":385,"minecraft:gold_ingot":30,"minecraft:music_disc_wait":1,"minecraft:cobblestone":2989,"minecraft:birch_log":71,"minecraft:water_bucket":4,"minecraft:music_disc_stal":1,"minecraft:smoker":1,"minecraft:potato":73,"minecraft:birch_planks":6,"minecraft:ice":1,"minecraft:oak_log":155,"minecraft:gunpowder":258,"minecraft:dirt":140,"minecraft:bone":249,"minecraft:apple":1,"minecraft:kelp":2,"minecraft:bow":25,"minecraft:iron_ingot":2,"minecraft:music_disc_far":1,"minecraft:stone_pickaxe":35,"minecraft:music_disc_chirp":1,"minecraft:music_disc_13":1,"minecraft:dripstone_block":1,"minecraft:poisonous_potato":2,"minecraft:lava_bucket":1,"minecraft:spruce_sapling":70,"minecraft:spruce_log":171,"minecraft:spider_eye":4,"minecraft:spruce_boat":8,"minecraft:stone_axe":9,"minecraft:golden_apple":3,"minecraft:baked_potato":59,"minecraft:oak_sapling":77,"minecraft:mangrove_propagule":2}},"DataVersion":3463}