{"stats":{"minecraft:used":{"minecraft:water_bucket":16,"minecraft:stone_shovel":32,"minecraft:spruce_slab":619,"minecraft:stone_pickaxe":640,"minecraft:ladder":21,"minecraft:baked_potato":17,"minecraft:spruce_planks":4,"minecraft:chest":3,"minecraft:wooden_pickaxe":30,"minecraft:cobblestone_slab":1753,"minecraft:stone_hoe":60,"minecraft:rotten_flesh":5,"minecraft:torch":101,"minecraft:golden_apple":2,"minecraft:dirt":96,"minecraft:crafting_table":6,"minecraft:carrot":7,"minecraft:smoker":2,"minecraft:spruce_boat":4,"minecraft:lava_bucket":8,"minecraft:spruce_sapling":26,"minecraft:stone_axe":279,"minecraft:cobblestone":566,"minecraft:bow":1,"minecraft:furnace":3,"minecraft:oak_sapling":1,"minecraft:bucket":21,"minecraft:ice":1,"minecraft:potato":44,"minecraft:kelp":1,"minecraft:bone_meal":79},"minecraft:killed_by":{"minecraft:zombie":1},"minecraft:broken":{"minecraft:stone_pickaxe":4,"minecraft:stone_axe":1},"minecraft:mined":{"minecraft:farmland":22,"minecraft:smoker":1,"minecraft:crafting_table":4,"minecraft:torch":33,"minecraft:grass_block":14,"minecraft:cobblestone":172,"minecraft:spruce_leaves":19,"minecraft:kelp":2,"minecraft:wall_torch":7,"minecraft:spruce_sapling":1,"minecraft:furnace":2,"minecraft:carrots":2,"minecraft:ice":1,"minecraft:spruce_log":110,"minecraft:potatoes":27,"minecraft:oak_log":6,"minecraft:cobblestone_slab":487,"minecraft:dirt":57,"minecraft:spruce_slab":16,"minecraft:oak_leaves":5},"minecraft:crafted":{"minecraft:oak_planks":24,"minecraft:cobblestone_slab":1500,"minecraft:stone_shovel":1,"minecraft:crafting_table":2,"minecraft:spruce_planks":1012,"minecraft:baked_potato":14,"minecraft:wooden_pickaxe":2,"minecraft:furnace":2,"minecraft:bone_meal":84,"minecraft:stone_axe":8,"minecraft:air":0,"minecraft:charcoal":85,"minecraft:ladder":27,"minecraft:spruce_slab":1530,"minecraft:stick":152,"minecraft:stone_pickaxe":8,"minecraft:chest":3,"minecraft:spruce_boat":3,"minecraft:torch":96,"minecraft:smoker":1},"minecraft:killed":{"minecraft:spider":7,"minecraft:creeper":8,"minecraft:skeleton":14,"minecraft:zombie":6},"minecraft:dropped":{"minecraft:stone_axe":4,"minecraft:baked_potato":4,"minecraft:dripstone_block":1,"minecraft:poisonous_potato":2,"minecraft:cobblestone":3,"minecraft:rotten_flesh":1,"minecraft:stick":18,"minecraft:dirt":99,"minecraft:cobblestone_slab":64,"minecraft:torch":8,"minecraft:spruce_slab":920,"minecraft:wooden_pickaxe":4,"minecraft:stone_pickaxe":32,"minecraft:bucket":2,"minecraft:spruce_sapling":1},"minecraft:picked_up":{"minecraft:crafting_table":4,"minecraft:water_bucket":2,"minecraft:wooden_pickaxe":2,"minecraft:smoker":1,"minecraft:potato":70,"minecraft:birch_planks":6,"minecraft:ice":1,"minecraft:oak_log":6,"minecraft:gunpowder":5,"minecraft:dirt":127,"minecraft:string":8,"minecraft:bone":30,"minecraft:kelp":2,"minecraft:bow":2,"minecraft:stone_pickaxe":28,"minecraft:cobblestone_slab":418,"minecraft:spruce_slab":9,"minecraft:furnace":2,"minecraft:stick":56,"minecraft:torch":46,"minecraft:poisonous_potato":2,"minecraft:dripstone_block":1,"minecraft:lava_bucket":1,"minecraft:spruce_sapling":58,"minecraft:spruce_log":160,"minecraft:carrot":7,"minecraft:spider_eye":2,"minecraft:arrow":22,"minecraft:rotten_flesh":9,"minecraft:spruce_boat":2,"minecraft:stone_axe":1,"minecraft:baked_potato":18,"minecraft:oak_sapling":2,"minecraft:mangrove_propagule":2,"minecraft:cobblestone":1848},"minecraft:custom":{"minecraft:interact_with_furnace":11,"minecraft:mob_kills":36,"minecraft:interact_with_crafting_table":60,"minecraft:leave_game":1,"minecraft:time_since_death":94559,"minecraft:climb_one_cm":5955,"minecraft:time_since_rest":94587,"minecraft:damage_absorbed":40,"minecraft:sprint_one_cm":269964,"minecraft:walk_one_cm":309484,"minecraft:damage_taken":3221,"minecraft:drop":75,"minecraft:damage_dealt":7545,"minecraft:talked_to_villager":1,"minecraft:swim_one_cm":1782,"minecraft:fly_one_cm":581943,"minecraft:open_chest":205,"minecraft:crouch_one_cm":263878,"minecraft:play_time":179864,"minecraft:deaths":9,"minecraft:sneak_time":69934,"minecraft:walk_under_water_one_cm":3291,"minecraft:boat_one_cm":669,"minecraft:jump":2358,"minecraft:walk_on_water_one_cm":8910,"minecraft:interact_with_smoker":10,"minecraft:total_world_time":179864,"minecraft:fall_one_cm":22890}},"DataVersion":3463}