{"stats":{"minecraft:used":{"minecraft:water_bucket":4,"minecraft:lava_bucket":4,"minecraft:stone_pickaxe":19,"minecraft:wooden_pickaxe":30,"minecraft:cobblestone_slab":121,"minecraft:rotten_flesh":2,"minecraft:stone_axe":1,"minecraft:torch":1,"minecraft:dirt":6,"minecraft:cobblestone":29,"minecraft:crafting_table":2,"minecraft:oak_sapling":1,"minecraft:bucket":6,"minecraft:ice":1,"minecraft:kelp":1,"minecraft:bone_meal":1},"minecraft:mined":{"minecraft:ice":1,"minecraft:crafting_table":1,"minecraft:grass_block":14,"minecraft:oak_log":6,"minecraft:cobblestone_slab":3,"minecraft:dirt":37,"minecraft:cobblestone":44,"minecraft:kelp":2,"minecraft:oak_leaves":5,"minecraft:wall_torch":1},"minecraft:crafted":{"minecraft:oak_planks":24,"minecraft:cobblestone_slab":162,"minecraft:crafting_table":1,"minecraft:stick":16,"minecraft:wooden_pickaxe":2,"minecraft:stone_pickaxe":3,"minecraft:bone_meal":6,"minecraft:stone_axe":1},"minecraft:dropped":{"minecraft:cobblestone_slab":28,"minecraft:cobblestone":1,"minecraft:stone_pickaxe":5,"minecraft:wooden_pickaxe":4,"minecraft:bucket":1},"minecraft:picked_up":{"minecraft:stick":11,"minecraft:crafting_table":1,"minecraft:torch":2,"minecraft:wooden_pickaxe":2,"minecraft:birch_planks":6,"minecraft:lava_bucket":1,"minecraft:ice":1,"minecraft:oak_log":6,"minecraft:dirt":43,"minecraft:bone":2,"minecraft:rotten_flesh":2,"minecraft:kelp":2,"minecraft:stone_pickaxe":3,"minecraft:cobblestone_slab":24,"minecraft:oak_sapling":2,"minecraft:mangrove_propagule":2,"minecraft:cobblestone":124},"minecraft:custom":{"minecraft:time_since_rest":2325,"minecraft:sprint_one_cm":15536,"minecraft:damage_taken":263,"minecraft:walk_one_cm":51856,"minecraft:drop":12,"minecraft:damage_dealt":145,"minecraft:interact_with_crafting_table":21,"minecraft:fly_one_cm":26507,"minecraft:open_chest":39,"minecraft:crouch_one_cm":35043,"minecraft:play_time":29864,"minecraft:deaths":1,"minecraft:sneak_time":11737,"minecraft:walk_under_water_one_cm":901,"minecraft:jump":440,"minecraft:leave_game":1,"minecraft:time_since_death":2301,"minecraft:walk_on_water_one_cm":4464,"minecraft:total_world_time":29864,"minecraft:fall_one_cm":2425}},"DataVersion":3463}