{"stats":{"minecraft:used":{"minecraft:stone_sword":451,"minecraft:spruce_slab":2043,"minecraft:stone_shovel":141,"minecraft:ladder":82,"minecraft:chest":7,"minecraft:spruce_planks":239,"minecraft:stone_hoe":236,"minecraft:rotten_flesh":5,"minecraft:torch":309,"minecraft:dirt":141,"minecraft:carrot":133,"minecraft:obsidian":7,"minecraft:spruce_boat":10,"minecraft:lava_bucket":13,"minecraft:birch_sapling":14,"minecraft:bow":64,"minecraft:oak_sapling":32,"minecraft:furnace":3,"minecraft:potato":45,"minecraft:water_bucket":58,"minecraft:baked_potato":153,"minecraft:stone_pickaxe":1547,"minecraft:oak_planks":112,"minecraft:wooden_pickaxe":30,"minecraft:composter":8,"minecraft:spruce_fence_gate":3,"minecraft:cobblestone_slab":3774,"minecraft:golden_apple":2,"minecraft:crafting_table":22,"minecraft:white_bed":17,"minecraft:smoker":2,"minecraft:oak_log":9,"minecraft:wooden_hoe":33,"minecraft:spruce_trapdoor":151,"minecraft:gravel":4,"minecraft:spruce_sapling":30,"minecraft:golden_helmet":1,"minecraft:stone_axe":1174,"minecraft:cobblestone":1306,"minecraft:bucket":60,"minecraft:ice":1,"minecraft:coarse_dirt":60,"minecraft:kelp":1,"minecraft:splash_potion":1,"minecraft:bone_meal":437},"minecraft:crafted":{"minecraft:coarse_dirt":60,"minecraft:oak_planks":156,"minecraft:cobblestone_slab":2646,"minecraft:stone_shovel":2,"minecraft:furnace":2,"minecraft:bone_meal":660,"minecraft:bow":6,"minecraft:ladder":78,"minecraft:spruce_slab":2970,"minecraft:stone_pickaxe":27,"minecraft:chest":5,"minecraft:spruce_boat":4,"minecraft:stone_hoe":2,"minecraft:golden_helmet":1,"minecraft:smoker":1,"minecraft:crafting_table":7,"minecraft:spruce_planks":2084,"minecraft:wooden_pickaxe":2,"minecraft:baked_potato":238,"minecraft:birch_planks":28,"minecraft:stone_axe":13,"minecraft:air":0,"minecraft:spruce_trapdoor":16,"minecraft:wooden_hoe":1,"minecraft:white_wool":26,"minecraft:charcoal":106,"minecraft:golden_apple":1,"minecraft:stick":284,"minecraft:stone_sword":3,"minecraft:gold_ingot":4,"minecraft:white_bed":7,"minecraft:composter":2,"minecraft:spruce_fence_gate":12,"minecraft:torch":192},"minecraft:custom":{"minecraft:mob_kills":671,"minecraft:interact_with_crafting_table":150,"minecraft:leave_game":6,"minecraft:time_since_death":241836,"minecraft:climb_one_cm":19875,"minecraft:sprint_one_cm":863601,"minecraft:walk_one_cm":931203,"minecraft:drop":250,"minecraft:talked_to_villager":16,"minecraft:play_time":644034,"minecraft:sneak_time":157652,"minecraft:deaths":12,"minecraft:walk_under_water_one_cm":12215,"minecraft:boat_one_cm":32080,"minecraft:jump":6818,"minecraft:walk_on_water_one_cm":27619,"minecraft:total_world_time":644034,"minecraft:interact_with_furnace":28,"minecraft:sleep_in_bed":9,"minecraft:time_since_rest":82023,"minecraft:damage_absorbed":40,"minecraft:damage_taken":9520,"minecraft:damage_dealt":20733,"minecraft:swim_one_cm":8755,"minecraft:fly_one_cm":1550811,"minecraft:player_kills":2,"minecraft:open_chest":474,"minecraft:crouch_one_cm":604103,"minecraft:interact_with_smoker":41,"minecraft:fall_one_cm":98102},"minecraft:mined":{"minecraft:spruce_planks":91,"minecraft:white_bed":12,"minecraft:oak_sapling":2,"minecraft:farmland":25,"minecraft:spruce_trapdoor":1,"minecraft:ladder":22,"minecraft:grass_block":14,"minecraft:spruce_leaves":38,"minecraft:composter":5,"minecraft:kelp":2,"minecraft:sandstone":9,"minecraft:spruce_sapling":1,"minecraft:furnace":2,"minecraft:carrots":61,"minecraft:fire":1,"minecraft:potatoes":27,"minecraft:cobblestone_slab":942,"minecraft:spruce_slab":52,"minecraft:podzol":8,"minecraft:smoker":1,"minecraft:crafting_table":18,"minecraft:torch":99,"minecraft:chest":3,"minecraft:cobblestone":595,"minecraft:oak_planks":104,"minecraft:wall_torch":25,"minecraft:birch_sapling":2,"minecraft:birch_planks":40,"minecraft:birch_log":71,"minecraft:ice":1,"minecraft:spruce_log":336,"minecraft:birch_leaves":16,"minecraft:oak_log":156,"minecraft:sand":18,"minecraft:gravel":4,"minecraft:dirt":147,"minecraft:oak_leaves":40},"minecraft:dropped":{"minecraft:baked_potato":84,"minecraft:crafting_table":2,"minecraft:dripstone_block":1,"minecraft:poisonous_potato":2,"minecraft:music_disc_relic":1,"minecraft:cobblestone":306,"minecraft:music_disc_pigstep":1,"minecraft:golden_apple":1,"minecraft:music_disc_13":1,"minecraft:stick":35,"minecraft:dirt":108,"minecraft:torch":36,"minecraft:phantom_membrane":1,"minecraft:music_disc_wait":1,"minecraft:string":36,"minecraft:music_disc_stal":1,"minecraft:bucket":3,"minecraft:music_disc_cat":1,"minecraft:spruce_sapling":3,"minecraft:gold_ingot":83,"minecraft:bone":143,"minecraft:music_disc_blocks":1,"minecraft:stone_axe":9,"minecraft:stone_sword":3,"minecraft:nether_brick":2,"minecraft:obsidian":2,"minecraft:music_disc_5":3,"minecraft:rotten_flesh":334,"minecraft:music_disc_far":1,"minecraft:white_bed":1,"minecraft:carrot":102,"minecraft:potato":1,"minecraft:cobblestone_slab":99,"minecraft:spruce_boat":4,"minecraft:gunpowder":175,"minecraft:spruce_planks":1,"minecraft:spruce_trapdoor":81,"minecraft:ladder":76,"minecraft:golden_sword":1,"minecraft:spider_eye":1,"minecraft:spruce_slab":920,"minecraft:bow":10,"minecraft:arrow":63,"minecraft:wooden_pickaxe":4,"minecraft:stone_pickaxe":57,"minecraft:music_disc_mellohi":1,"minecraft:splash_potion":1},"minecraft:killed_by":{"minecraft:player":1,"minecraft:witch":1,"minecraft:zombie":1},"minecraft:killed":{"minecraft:zombified_piglin":1,"minecraft:witch":3,"minecraft:spider":16,"minecraft:phantom":3,"minecraft:skeleton":185,"minecraft:cat":3,"minecraft:magma_cube":4,"minecraft:zombie_villager":3,"minecraft:creeper":192,"minecraft:zombie":183},"minecraft:broken":{"minecraft:stone_sword":2,"minecraft:stone_hoe":1,"minecraft:stone_pickaxe":11,"minecraft:stone_axe":8},"minecraft:picked_up":{"minecraft:music_disc_5":3,"minecraft:charcoal":53,"minecraft:crafting_table":18,"minecraft:splash_potion":2,"minecraft:ladder":129,"minecraft:wooden_pickaxe":2,"minecraft:enchanted_book":1,"minecraft:potion":1,"minecraft:nether_brick":5,"minecraft:golden_sword":1,"minecraft:music_disc_cat":2,"minecraft:string":111,"minecraft:blackstone":11,"minecraft:gold_nugget":38,"minecraft:bucket":1,"minecraft:spruce_planks":143,"minecraft:cobblestone_slab":1459,"minecraft:spruce_slab":47,"minecraft:iron_boots":1,"minecraft:chest":3,"minecraft:birch_sapling":30,"minecraft:spruce_trapdoor":152,"minecraft:phantom_membrane":2,"minecraft:furnace":2,"minecraft:stick":492,"minecraft:sandstone":9,"minecraft:music_disc_blocks":1,"minecraft:music_disc_relic":2,"minecraft:composter":6,"minecraft:torch":286,"minecraft:music_disc_mellohi":1,"minecraft:fire_charge":3,"minecraft:music_disc_pigstep":1,"minecraft:carrot":214,"minecraft:stone_sword":3,"minecraft:arrow":343,"minecraft:rotten_flesh":401,"minecraft:gold_ingot":82,"minecraft:music_disc_wait":1,"minecraft:obsidian":4,"minecraft:cobblestone":3472,"minecraft:birch_log":71,"minecraft:water_bucket":4,"minecraft:leather":9,"minecraft:music_disc_stal":1,"minecraft:smoker":1,"minecraft:potato":75,"minecraft:birch_planks":27,"minecraft:ice":1,"minecraft:oak_log":156,"minecraft:gunpowder":293,"minecraft:dirt":237,"minecraft:bone":283,"minecraft:apple":1,"minecraft:kelp":2,"minecraft:bow":25,"minecraft:iron_ingot":2,"minecraft:music_disc_far":1,"minecraft:stone_pickaxe":45,"minecraft:oak_planks":98,"minecraft:music_disc_chirp":1,"minecraft:music_disc_13":2,"minecraft:sand":18,"minecraft:gravel":35,"minecraft:quartz":12,"minecraft:dripstone_block":1,"minecraft:poisonous_potato":2,"minecraft:lava_bucket":1,"minecraft:spruce_sapling":82,"minecraft:white_bed":12,"minecraft:spruce_log":383,"minecraft:crying_obsidian":3,"minecraft:spectral_arrow":24,"minecraft:spider_eye":4,"minecraft:spruce_boat":11,"minecraft:stone_axe":10,"minecraft:golden_apple":3,"minecraft:baked_potato":82,"minecraft:oak_sapling":77,"minecraft:netherrack":97,"minecraft:mangrove_propagule":2,"minecraft:ender_pearl":4}},"DataVersion":3463}