{"stats":{"minecraft:used":{"minecraft:stone_sword":149,"minecraft:stone_shovel":162,"minecraft:spruce_slab":1960,"minecraft:ladder":5,"minecraft:chest":4,"minecraft:stone_hoe":24,"minecraft:rotten_flesh":2,"minecraft:dirt":213,"minecraft:carrot":1,"minecraft:obsidian":11,"minecraft:spruce_boat":1,"minecraft:golden_sword":13,"minecraft:bow":124,"minecraft:potato":150,"minecraft:dark_oak_sapling":1,"minecraft:water_bucket":2,"minecraft:birch_planks":158,"minecraft:stone_pickaxe":4109,"minecraft:baked_potato":73,"minecraft:wooden_pickaxe":8,"minecraft:cobblestone_slab":1950,"minecraft:crafting_table":1,"minecraft:spruce_trapdoor":386,"minecraft:spruce_sapling":31,"minecraft:stone_axe":680,"minecraft:cobblestone":72,"minecraft:bucket":3,"minecraft:bone_meal":165,"minecraft:splash_potion":1},"minecraft:crafted":{"minecraft:stone_shovel":1,"minecraft:cobblestone_slab":2118,"minecraft:bone_meal":267,"minecraft:spruce_slab":1020,"minecraft:stone_pickaxe":42,"minecraft:chest":1,"minecraft:spruce_boat":2,"minecraft:stone_hoe":1,"minecraft:spruce_planks":2104,"minecraft:baked_potato":143,"minecraft:birch_planks":268,"minecraft:stone_axe":11,"minecraft:air":0,"minecraft:spruce_trapdoor":510,"minecraft:golden_apple":1,"minecraft:charcoal":7,"minecraft:stick":120,"minecraft:stone_sword":2,"minecraft:gold_ingot":38},"minecraft:custom":{"minecraft:mob_kills":1028,"minecraft:interact_with_crafting_table":68,"minecraft:leave_game":8,"minecraft:time_since_death":32477,"minecraft:climb_one_cm":46815,"minecraft:sprint_one_cm":555786,"minecraft:walk_one_cm":700899,"minecraft:drop":191,"minecraft:talked_to_villager":2,"minecraft:play_time":443641,"minecraft:deaths":13,"minecraft:sneak_time":45736,"minecraft:walk_under_water_one_cm":4606,"minecraft:boat_one_cm":1,"minecraft:jump":3694,"minecraft:walk_on_water_one_cm":20637,"minecraft:total_world_time":443641,"minecraft:interact_with_furnace":3,"minecraft:sleep_in_bed":7,"minecraft:time_since_rest":32504,"minecraft:damage_taken":6508,"minecraft:damage_dealt":9521,"minecraft:swim_one_cm":376,"minecraft:fly_one_cm":822054,"minecraft:player_kills":1,"minecraft:open_chest":241,"minecraft:crouch_one_cm":238757,"minecraft:interact_with_smoker":25,"minecraft:fall_one_cm":56895},"minecraft:mined":{"minecraft:spruce_planks":5,"minecraft:white_bed":1,"minecraft:oak_sapling":1,"minecraft:farmland":81,"minecraft:spruce_trapdoor":8,"minecraft:cave_vines_plant":1,"minecraft:ladder":5,"minecraft:grass_block":30,"minecraft:spruce_leaves":8,"minecraft:composter":1,"minecraft:moss_block":3,"minecraft:spruce_sapling":1,"minecraft:carrots":6,"minecraft:peony":1,"minecraft:potatoes":122,"minecraft:cave_vines":1,"minecraft:cobblestone_slab":98,"minecraft:azalea_leaves":1,"minecraft:spruce_slab":20,"minecraft:podzol":16,"minecraft:dandelion":1,"minecraft:crafting_table":1,"minecraft:torch":1,"minecraft:poppy":1,"minecraft:chest":3,"minecraft:rose_bush":1,"minecraft:cobblestone":3859,"minecraft:pink_petals":1,"minecraft:birch_planks":39,"minecraft:cactus":1,"minecraft:birch_log":4,"minecraft:spruce_log":545,"minecraft:birch_leaves":4,"minecraft:grass":22,"minecraft:dark_oak_sapling":1,"minecraft:sunflower":1,"minecraft:dripstone_block":2,"minecraft:dirt":123},"minecraft:dropped":{"minecraft:water_bucket":3,"minecraft:iron_ingot":1,"minecraft:baked_potato":50,"minecraft:poisonous_potato":4,"minecraft:cobblestone":2315,"minecraft:golden_apple":2,"minecraft:stick":114,"minecraft:lava_bucket":1,"minecraft:dirt":2,"minecraft:ice":1,"minecraft:torch":108,"minecraft:string":5,"minecraft:birch_log":1,"minecraft:spruce_sapling":6,"minecraft:gold_ingot":30,"minecraft:bone":20,"minecraft:stone_axe":17,"minecraft:music_disc_chirp":1,"minecraft:birch_sapling":18,"minecraft:composter":1,"minecraft:rotten_flesh":497,"minecraft:cobblestone_slab":825,"minecraft:spruce_boat":3,"minecraft:gunpowder":32,"minecraft:spruce_trapdoor":146,"minecraft:charcoal":28,"minecraft:oak_sapling":2,"minecraft:golden_sword":32,"minecraft:spruce_log":5,"minecraft:arrow":102,"minecraft:bow":1,"minecraft:stone_pickaxe":14},"minecraft:killed_by":{"minecraft:player":5,"minecraft:zombified_piglin":1,"minecraft:spider":1,"minecraft:skeleton":2},"minecraft:killed":{"minecraft:zombified_piglin":11,"minecraft:witch":2,"minecraft:spider":3,"minecraft:skeleton":134,"minecraft:magma_cube":9,"minecraft:piglin":1,"minecraft:zombie_villager":2,"minecraft:creeper":138,"minecraft:trader_llama":2,"minecraft:zombie":104,"minecraft:ghast":1},"minecraft:broken":{"minecraft:stone_sword":1,"minecraft:stone_pickaxe":33,"minecraft:golden_sword":2,"minecraft:stone_axe":5,"minecraft:bow":1,"minecraft:stone_shovel":1},"minecraft:picked_up":{"minecraft:charcoal":28,"minecraft:crafting_table":3,"minecraft:splash_potion":1,"minecraft:ladder":143,"minecraft:lead":2,"minecraft:wooden_pickaxe":1,"minecraft:golden_sword":59,"minecraft:music_disc_cat":1,"minecraft:string":67,"minecraft:gold_nugget":403,"minecraft:bucket":3,"minecraft:spruce_planks":10,"minecraft:rose_bush":1,"minecraft:cobblestone_slab":950,"minecraft:poppy":1,"minecraft:spruce_slab":940,"minecraft:chest":3,"minecraft:birch_sapling":22,"minecraft:spruce_trapdoor":677,"minecraft:dark_oak_sapling":1,"minecraft:stick":196,"minecraft:music_disc_blocks":1,"minecraft:composter":1,"minecraft:music_disc_mellohi":2,"minecraft:torch":115,"minecraft:music_disc_11":2,"minecraft:carrot":21,"minecraft:arrow":371,"minecraft:stone_sword":4,"minecraft:cactus":2,"minecraft:rotten_flesh":734,"minecraft:peony":1,"minecraft:gold_ingot":16,"minecraft:glow_berries":2,"minecraft:obsidian":1,"minecraft:cobblestone":3508,"minecraft:birch_log":4,"minecraft:pink_petals":4,"minecraft:lilac":1,"minecraft:magma_cream":2,"minecraft:water_bucket":1,"minecraft:leather":1,"minecraft:potato":453,"minecraft:birch_planks":38,"minecraft:gunpowder":252,"minecraft:dirt":392,"minecraft:bone":268,"minecraft:apple":1,"minecraft:bow":11,"minecraft:wheat_seeds":3,"minecraft:iron_ingot":2,"minecraft:stone_pickaxe":54,"minecraft:moss_block":3,"minecraft:stone_hoe":2,"minecraft:oak_planks":4,"minecraft:music_disc_chirp":2,"minecraft:dandelion":1,"minecraft:poisonous_potato":4,"minecraft:dripstone_block":4,"minecraft:spruce_sapling":60,"minecraft:white_bed":1,"minecraft:spruce_log":543,"minecraft:spider_eye":4,"minecraft:music_disc_mall":1,"minecraft:spruce_boat":4,"minecraft:stone_axe":34,"minecraft:golden_apple":3,"minecraft:baked_potato":192,"minecraft:oak_sapling":5,"minecraft:sunflower":1}},"DataVersion":3463}