{"stats":{"minecraft:used":{"minecraft:iron_shovel":104,"minecraft:stone_sword":262,"minecraft:spruce_slab":2271,"minecraft:stone_shovel":436,"minecraft:ladder":5,"minecraft:spruce_planks":1,"minecraft:chest":4,"minecraft:stone_hoe":230,"minecraft:rotten_flesh":40,"minecraft:torch":3,"minecraft:dirt":359,"minecraft:carrot":1,"minecraft:obsidian":11,"minecraft:spruce_boat":1,"minecraft:iron_boots":1,"minecraft:golden_sword":13,"minecraft:bow":176,"minecraft:furnace":2,"minecraft:oak_sapling":16,"minecraft:potato":150,"minecraft:dark_oak_sapling":1,"minecraft:water_bucket":4,"minecraft:birch_planks":161,"minecraft:stone_pickaxe":4654,"minecraft:baked_potato":116,"minecraft:oak_planks":7,"minecraft:blackstone":12,"minecraft:wooden_pickaxe":8,"minecraft:cauldron":2,"minecraft:cobblestone_slab":2108,"minecraft:sugar_cane":13,"minecraft:fletching_table":9,"minecraft:crafting_table":1,"minecraft:smoker":9,"minecraft:oak_log":1,"minecraft:wooden_hoe":26,"minecraft:diamond_pickaxe":63,"minecraft:spruce_trapdoor":394,"minecraft:spruce_sapling":99,"minecraft:gravel":182,"minecraft:stone_axe":2024,"minecraft:fire_charge":1,"minecraft:cobblestone":115,"minecraft:potion":1,"minecraft:smithing_table":19,"minecraft:bucket":5,"minecraft:coarse_dirt":146,"minecraft:bone_meal":291,"minecraft:splash_potion":1},"minecraft:crafted":{"minecraft:coarse_dirt":144,"minecraft:oak_planks":72,"minecraft:stone_shovel":3,"minecraft:cobblestone_slab":2340,"minecraft:bone_meal":387,"minecraft:diamond_shovel":5,"minecraft:spruce_slab":1344,"minecraft:stone_pickaxe":142,"minecraft:chest":1,"minecraft:spruce_boat":2,"minecraft:stone_hoe":2,"minecraft:emerald":335,"minecraft:cauldron":1,"minecraft:spruce_planks":7756,"minecraft:baked_potato":190,"minecraft:smithing_table":1,"minecraft:fletching_table":8,"minecraft:birch_planks":268,"minecraft:stone_axe":93,"minecraft:air":0,"minecraft:spruce_trapdoor":518,"minecraft:diamond_pickaxe":2,"minecraft:charcoal":7,"minecraft:golden_apple":1,"minecraft:stick":10836,"minecraft:iron_ingot":6,"minecraft:stone_sword":2,"minecraft:iron_shovel":1,"minecraft:gold_ingot":126},"minecraft:custom":{"minecraft:mob_kills":2866,"minecraft:interact_with_crafting_table":112,"minecraft:leave_game":14,"minecraft:time_since_death":9814,"minecraft:climb_one_cm":46815,"minecraft:sprint_one_cm":1217154,"minecraft:walk_one_cm":1198052,"minecraft:drop":625,"minecraft:talked_to_villager":129,"minecraft:play_time":721138,"minecraft:sneak_time":61989,"minecraft:deaths":29,"minecraft:walk_under_water_one_cm":6006,"minecraft:boat_one_cm":4705,"minecraft:jump":7435,"minecraft:walk_on_water_one_cm":26109,"minecraft:total_world_time":721138,"minecraft:interact_with_furnace":6,"minecraft:traded_with_villager":509,"minecraft:sleep_in_bed":11,"minecraft:time_since_rest":9840,"minecraft:damage_taken":12377,"minecraft:damage_dealt":17486,"minecraft:swim_one_cm":1909,"minecraft:fly_one_cm":1650161,"minecraft:player_kills":1,"minecraft:open_chest":477,"minecraft:crouch_one_cm":293309,"minecraft:interact_with_smoker":32,"minecraft:fall_one_cm":120150},"minecraft:mined":{"minecraft:spruce_planks":6,"minecraft:white_bed":1,"minecraft:oak_sapling":2,"minecraft:farmland":84,"minecraft:spruce_trapdoor":8,"minecraft:cave_vines_plant":1,"minecraft:ladder":5,"minecraft:grass_block":30,"minecraft:spruce_leaves":17,"minecraft:moss_block":3,"minecraft:composter":1,"minecraft:spruce_sapling":1,"minecraft:furnace":2,"minecraft:carrots":6,"minecraft:fire":1,"minecraft:fletching_table":3,"minecraft:peony":1,"minecraft:potatoes":122,"minecraft:cave_vines":1,"minecraft:cobblestone_slab":176,"minecraft:azalea_leaves":1,"minecraft:spruce_slab":27,"minecraft:smithing_table":18,"minecraft:podzol":43,"minecraft:blackstone":12,"minecraft:smoker":9,"minecraft:dandelion":1,"minecraft:crafting_table":1,"minecraft:torch":4,"minecraft:poppy":1,"minecraft:chest":3,"minecraft:rose_bush":1,"minecraft:cobblestone":4238,"minecraft:oak_planks":7,"minecraft:sugar_cane":29,"minecraft:cauldron":1,"minecraft:pink_petals":1,"minecraft:birch_planks":41,"minecraft:cactus":1,"minecraft:coarse_dirt":2,"minecraft:birch_log":4,"minecraft:spruce_log":1760,"minecraft:birch_leaves":4,"minecraft:grass":22,"minecraft:oak_log":62,"minecraft:dark_oak_sapling":1,"minecraft:sunflower":1,"minecraft:gravel":182,"minecraft:dripstone_block":2,"minecraft:dirt":301,"minecraft:oak_leaves":9},"minecraft:dropped":{"minecraft:water_bucket":3,"minecraft:iron_ingot":2,"minecraft:oak_log":60,"minecraft:baked_potato":50,"minecraft:poisonous_potato":4,"minecraft:cobblestone":2342,"minecraft:fletching_table":2,"minecraft:golden_apple":2,"minecraft:stick":114,"minecraft:lava_bucket":1,"minecraft:dirt":2,"minecraft:ice":1,"minecraft:torch":108,"minecraft:string":5,"minecraft:birch_log":1,"minecraft:spruce_sapling":9,"minecraft:gold_ingot":381,"minecraft:bone":20,"minecraft:stone_axe":92,"minecraft:music_disc_chirp":1,"minecraft:birch_sapling":18,"minecraft:composter":1,"minecraft:rotten_flesh":1378,"minecraft:oak_planks":5,"minecraft:diamond_shovel":4,"minecraft:cobblestone_slab":915,"minecraft:spruce_boat":3,"minecraft:gunpowder":32,"minecraft:spruce_trapdoor":146,"minecraft:spruce_planks":9,"minecraft:diamond_pickaxe":1,"minecraft:charcoal":28,"minecraft:oak_sapling":7,"minecraft:golden_sword":171,"minecraft:spider_eye":1,"minecraft:spruce_log":8,"minecraft:stone_pickaxe":108,"minecraft:bow":7,"minecraft:arrow":209},"minecraft:killed_by":{"minecraft:player":8,"minecraft:zombified_piglin":1,"minecraft:creeper":5,"minecraft:spider":1,"minecraft:skeleton":4,"minecraft:zombie":3},"minecraft:killed":{"minecraft:witch":3,"minecraft:zombified_piglin":12,"minecraft:spider":9,"minecraft:skeleton":230,"minecraft:magma_cube":9,"minecraft:piglin":1,"minecraft:zombie_villager":6,"minecraft:creeper":225,"minecraft:trader_llama":2,"minecraft:zombie":203,"minecraft:ghast":1,"minecraft:villager":2},"minecraft:broken":{"minecraft:stone_sword":2,"minecraft:stone_hoe":2,"minecraft:stone_pickaxe":36,"minecraft:golden_sword":2,"minecraft:stone_axe":15,"minecraft:wooden_hoe":1,"minecraft:bow":1,"minecraft:stone_shovel":3},"minecraft:picked_up":{"minecraft:coarse_dirt":2,"minecraft:charcoal":28,"minecraft:crafting_table":3,"minecraft:music_disc_strad":2,"minecraft:splash_potion":3,"minecraft:ladder":281,"minecraft:smithing_table":18,"minecraft:lead":2,"minecraft:wooden_pickaxe":1,"minecraft:potion":9,"minecraft:nether_brick":61,"minecraft:golden_sword":198,"minecraft:music_disc_cat":1,"minecraft:string":104,"minecraft:blackstone":245,"minecraft:gold_nugget":1190,"minecraft:bucket":4,"minecraft:spruce_planks":399,"minecraft:rose_bush":1,"minecraft:cobblestone_slab":1101,"minecraft:iron_nugget":62,"minecraft:poppy":1,"minecraft:spruce_slab":994,"minecraft:sugar_cane":45,"minecraft:chest":3,"minecraft:birch_sapling":22,"minecraft:spruce_trapdoor":679,"minecraft:iron_boots":2,"minecraft:furnace":2,"minecraft:dark_oak_sapling":1,"minecraft:stick":350,"minecraft:music_disc_blocks":1,"minecraft:composter":1,"minecraft:torch":122,"minecraft:music_disc_mellohi":3,"minecraft:fire_charge":10,"minecraft:music_disc_11":2,"minecraft:music_disc_pigstep":1,"minecraft:carrot":23,"minecraft:cauldron":2,"minecraft:stone_sword":8,"minecraft:arrow":657,"minecraft:cactus":2,"minecraft:stone_shovel":2,"minecraft:rotten_flesh":1771,"minecraft:peony":1,"minecraft:gold_ingot":279,"minecraft:glow_berries":2,"minecraft:obsidian":8,"minecraft:cobblestone":4208,"minecraft:birch_log":4,"minecraft:pink_petals":4,"minecraft:lilac":1,"minecraft:magma_cream":2,"minecraft:water_bucket":1,"minecraft:leather":25,"minecraft:smoker":9,"minecraft:music_disc_stal":1,"minecraft:potato":453,"minecraft:birch_planks":181,"minecraft:flint":16,"minecraft:oak_log":62,"minecraft:gunpowder":413,"minecraft:dirt":613,"minecraft:bone":529,"minecraft:apple":6,"minecraft:bow":28,"minecraft:wheat_seeds":3,"minecraft:iron_ingot":6,"minecraft:stone_pickaxe":59,"minecraft:fletching_table":3,"minecraft:moss_block":3,"minecraft:stone_hoe":3,"minecraft:oak_planks":20,"minecraft:soul_sand":52,"minecraft:music_disc_chirp":5,"minecraft:quartz":41,"minecraft:dandelion":1,"minecraft:poisonous_potato":4,"minecraft:dripstone_block":4,"minecraft:gravel":254,"minecraft:spruce_sapling":152,"minecraft:white_bed":1,"minecraft:spruce_log":1826,"minecraft:crying_obsidian":26,"minecraft:spectral_arrow":74,"minecraft:spider_eye":11,"minecraft:diamond_shovel":3,"minecraft:music_disc_mall":1,"minecraft:spruce_boat":8,"minecraft:stone_axe":39,"minecraft:bone_meal":106,"minecraft:golden_apple":3,"minecraft:emerald":129,"minecraft:baked_potato":244,"minecraft:oak_sapling":42,"minecraft:netherrack":127,"minecraft:diamond_pickaxe":2,"minecraft:sunflower":1}},"DataVersion":3463}