{"stats":{"minecraft:used":{"minecraft:water_bucket":2,"minecraft:stone_sword":25,"minecraft:stone_pickaxe":3864,"minecraft:spruce_slab":1960,"minecraft:baked_potato":19,"minecraft:chest":4,"minecraft:wooden_pickaxe":8,"minecraft:cobblestone_slab":977,"minecraft:stone_hoe":24,"minecraft:rotten_flesh":2,"minecraft:dirt":53,"minecraft:carrot":1,"minecraft:spruce_trapdoor":66,"minecraft:spruce_sapling":31,"minecraft:bow":4,"minecraft:cobblestone":9,"minecraft:stone_axe":409,"minecraft:bucket":3,"minecraft:potato":150,"minecraft:bone_meal":165,"minecraft:dark_oak_sapling":1},"minecraft:crafted":{"minecraft:cobblestone_slab":948,"minecraft:spruce_planks":1388,"minecraft:baked_potato":66,"minecraft:bone_meal":267,"minecraft:birch_planks":12,"minecraft:stone_axe":5,"minecraft:air":0,"minecraft:spruce_trapdoor":274,"minecraft:charcoal":7,"minecraft:stick":96,"minecraft:spruce_slab":1020,"minecraft:stone_pickaxe":38,"minecraft:stone_sword":1,"minecraft:chest":1,"minecraft:spruce_boat":2,"minecraft:stone_hoe":1},"minecraft:custom":{"minecraft:interact_with_furnace":2,"minecraft:mob_kills":111,"minecraft:interact_with_crafting_table":45,"minecraft:leave_game":4,"minecraft:time_since_death":100410,"minecraft:sleep_in_bed":1,"minecraft:climb_one_cm":25667,"minecraft:time_since_rest":82209,"minecraft:damage_taken":2878,"minecraft:walk_one_cm":455402,"minecraft:sprint_one_cm":302046,"minecraft:drop":86,"minecraft:damage_dealt":4118,"minecraft:swim_one_cm":224,"minecraft:fly_one_cm":464514,"minecraft:talked_to_villager":2,"minecraft:open_chest":159,"minecraft:play_time":296234,"minecraft:crouch_one_cm":128766,"minecraft:sneak_time":23541,"minecraft:deaths":9,"minecraft:walk_under_water_one_cm":4518,"minecraft:jump":2013,"minecraft:walk_on_water_one_cm":14426,"minecraft:total_world_time":296234,"minecraft:interact_with_smoker":14,"minecraft:fall_one_cm":25961},"minecraft:mined":{"minecraft:oak_sapling":1,"minecraft:dandelion":1,"minecraft:crafting_table":1,"minecraft:torch":1,"minecraft:cave_vines_plant":1,"minecraft:grass_block":30,"minecraft:poppy":1,"minecraft:chest":3,"minecraft:rose_bush":1,"minecraft:cobblestone":3730,"minecraft:spruce_leaves":4,"minecraft:moss_block":3,"minecraft:pink_petals":1,"minecraft:cactus":1,"minecraft:spruce_sapling":1,"minecraft:carrots":6,"minecraft:birch_log":4,"minecraft:spruce_log":374,"minecraft:birch_leaves":4,"minecraft:peony":1,"minecraft:grass":22,"minecraft:potatoes":109,"minecraft:cave_vines":1,"minecraft:cobblestone_slab":16,"minecraft:dark_oak_sapling":1,"minecraft:sunflower":1,"minecraft:dripstone_block":2,"minecraft:dirt":55,"minecraft:azalea_leaves":1,"minecraft:spruce_slab":20},"minecraft:dropped":{"minecraft:water_bucket":2,"minecraft:stone_axe":1,"minecraft:music_disc_chirp":1,"minecraft:baked_potato":33,"minecraft:birch_sapling":2,"minecraft:poisonous_potato":2,"minecraft:cobblestone":2259,"minecraft:rotten_flesh":101,"minecraft:lava_bucket":1,"minecraft:dirt":2,"minecraft:cobblestone_slab":178,"minecraft:spruce_boat":3,"minecraft:ice":1,"minecraft:spruce_trapdoor":146,"minecraft:spruce_log":5,"minecraft:stone_pickaxe":11,"minecraft:string":5,"minecraft:spruce_sapling":1},"minecraft:killed_by":{"minecraft:player":4,"minecraft:skeleton":2,"minecraft:spider":1},"minecraft:killed":{"minecraft:spider":2,"minecraft:creeper":44,"minecraft:skeleton":40,"minecraft:trader_llama":2,"minecraft:zombie":23},"minecraft:broken":{"minecraft:stone_pickaxe":30,"minecraft:stone_axe":3},"minecraft:picked_up":{"minecraft:birch_log":3,"minecraft:pink_petals":4,"minecraft:crafting_table":2,"minecraft:lilac":1,"minecraft:leather":1,"minecraft:lead":2,"minecraft:wooden_pickaxe":1,"minecraft:potato":390,"minecraft:gunpowder":122,"minecraft:string":35,"minecraft:music_disc_cat":1,"minecraft:dirt":231,"minecraft:bone":129,"minecraft:bow":5,"minecraft:wheat_seeds":3,"minecraft:bucket":3,"minecraft:spruce_planks":4,"minecraft:iron_ingot":1,"minecraft:stone_pickaxe":49,"minecraft:rose_bush":1,"minecraft:cobblestone_slab":179,"minecraft:poppy":1,"minecraft:spruce_slab":940,"minecraft:moss_block":3,"minecraft:stone_hoe":2,"minecraft:chest":3,"minecraft:birch_sapling":2,"minecraft:oak_planks":4,"minecraft:spruce_trapdoor":486,"minecraft:music_disc_chirp":2,"minecraft:dark_oak_sapling":1,"minecraft:stick":74,"minecraft:music_disc_blocks":1,"minecraft:dandelion":1,"minecraft:torch":7,"minecraft:music_disc_mellohi":2,"minecraft:poisonous_potato":2,"minecraft:dripstone_block":4,"minecraft:spruce_sapling":55,"minecraft:music_disc_11":2,"minecraft:spruce_log":372,"minecraft:carrot":21,"minecraft:spider_eye":4,"minecraft:music_disc_mall":1,"minecraft:arrow":123,"minecraft:cactus":2,"minecraft:rotten_flesh":125,"minecraft:spruce_boat":1,"minecraft:stone_axe":5,"minecraft:peony":1,"minecraft:baked_potato":23,"minecraft:oak_sapling":3,"minecraft:glow_berries":2,"minecraft:cobblestone":3230,"minecraft:sunflower":1}},"DataVersion":3463}