{"stats":{"minecraft:picked_up":{"minecraft:cocoa_beans":1,"minecraft:crafting_table":1,"minecraft:lilac":2,"minecraft:wooden_pickaxe":1,"minecraft:potato":31,"minecraft:string":2,"minecraft:dirt":125,"minecraft:podzol":2,"minecraft:bone":3,"minecraft:kelp":3,"minecraft:wheat_seeds":4,"minecraft:small_dripleaf":1,"minecraft:spore_blossom":1,"minecraft:spruce_slab":39,"minecraft:stone_pickaxe":11,"minecraft:cobblestone_slab":344,"minecraft:jungle_sapling":8,"minecraft:poppy":2,"minecraft:frogspawn":1,"minecraft:moss_block":4,"minecraft:stone_hoe":2,"minecraft:chest":3,"minecraft:birch_sapling":2,"minecraft:oak_planks":14,"minecraft:acacia_sapling":2,"minecraft:dark_oak_sapling":8,"minecraft:stick":13,"minecraft:glow_lichen":1,"minecraft:sweet_berries":1,"minecraft:big_dripleaf":1,"minecraft:torch":2,"minecraft:dandelion":2,"minecraft:poisonous_potato":1,"minecraft:dripstone_block":2,"minecraft:lava_bucket":1,"minecraft:spruce_sapling":22,"minecraft:soul_torch":3,"minecraft:spruce_log":173,"minecraft:dead_bush":1,"minecraft:vine":1,"minecraft:spider_eye":1,"minecraft:arrow":1,"minecraft:pumpkin_seeds":1,"minecraft:cactus":3,"minecraft:rotten_flesh":2,"minecraft:beetroot_seeds":1,"minecraft:cherry_sapling":2,"minecraft:ender_pearl":1,"minecraft:baked_potato":1,"minecraft:oak_sapling":10,"minecraft:melon_seeds":1,"minecraft:mangrove_propagule":2,"minecraft:cobblestone":693,"minecraft:sunflower":1},"minecraft:killed_by":{"minecraft:player":1},"minecraft:dropped":{"minecraft:stone_hoe":2,"minecraft:kelp":1,"minecraft:baked_potato":8,"minecraft:poisonous_potato":1,"minecraft:rotten_flesh":2,"minecraft:cobblestone":31,"minecraft:oak_planks":7,"minecraft:carrot":1,"minecraft:lava_bucket":1,"minecraft:potato":1,"minecraft:dirt":34,"minecraft:cobblestone_slab":173,"minecraft:bone_meal":6,"minecraft:podzol":1,"minecraft:stone_pickaxe":11,"minecraft:spruce_sapling":1},"minecraft:mined":{"minecraft:podzol":1,"minecraft:large_amethyst_bud":1,"minecraft:dandelion":1,"minecraft:crafting_table":1,"minecraft:torch":1,"minecraft:short_grass":23,"minecraft:grass_block":25,"minecraft:poppy":1,"minecraft:chest":3,"minecraft:cobblestone":612,"minecraft:spruce_leaves":3,"minecraft:kelp":1,"minecraft:moss_block":2,"minecraft:sculk":2,"minecraft:cactus":1,"minecraft:spruce_sapling":2,"minecraft:spruce_log":179,"minecraft:potatoes":9,"minecraft:mycelium":1,"minecraft:oak_log":4,"minecraft:cobblestone_slab":545,"minecraft:sunflower":1,"minecraft:dripstone_block":1,"minecraft:dirt":85,"minecraft:spruce_slab":21},"minecraft:killed":{"minecraft:spider":3,"minecraft:creeper":3,"minecraft:zombie":1,"minecraft:enderman":1},"minecraft:crafted":{"minecraft:cobblestone_slab":1074,"minecraft:spruce_planks":652,"minecraft:baked_potato":15,"minecraft:furnace":1,"minecraft:bone_meal":9,"minecraft:stone_axe":2,"minecraft:air":0,"minecraft:stick":8,"minecraft:spruce_slab":1260,"minecraft:stone_pickaxe":9,"minecraft:stone_hoe":1,"minecraft:smoker":1},"minecraft:used":{"minecraft:water_bucket":1,"minecraft:spruce_slab":662,"minecraft:stone_pickaxe":1144,"minecraft:baked_potato":8,"minecraft:mycelium":1,"minecraft:chest":3,"minecraft:wooden_pickaxe":44,"minecraft:cobblestone_slab":714,"minecraft:stone_hoe":49,"minecraft:torch":2,"minecraft:dirt":151,"minecraft:crafting_table":1,"minecraft:carrot":1,"minecraft:smoker":1,"minecraft:spruce_sapling":23,"minecraft:stone_axe":209,"minecraft:cobblestone":10,"minecraft:bucket":1,"minecraft:potato":17,"minecraft:kelp":1,"minecraft:bone_meal":24,"minecraft:soul_torch":2},"minecraft:custom":{"minecraft:interact_with_furnace":1,"minecraft:mob_kills":8,"minecraft:interact_with_crafting_table":24,"minecraft:leave_game":2,"minecraft:time_since_death":88132,"minecraft:time_since_rest":88157,"minecraft:walk_one_cm":400229,"minecraft:sprint_one_cm":136944,"minecraft:damage_taken":1005,"minecraft:drop":63,"minecraft:damage_dealt":2394,"minecraft:fly_one_cm":151905,"minecraft:open_chest":108,"minecraft:crouch_one_cm":113644,"minecraft:play_time":166669,"minecraft:deaths":3,"minecraft:sneak_time":31014,"minecraft:walk_under_water_one_cm":156,"minecraft:jump":736,"minecraft:walk_on_water_one_cm":4000,"minecraft:interact_with_smoker":11,"minecraft:total_world_time":166669,"minecraft:fall_one_cm":2700},"minecraft:broken":{"minecraft:stone_pickaxe":9,"minecraft:stone_axe":1,"minecraft:wooden_pickaxe":1}},"DataVersion":3839}