{"stats":{"minecraft:picked_up":{"minecraft:cocoa_beans":1,"minecraft:crafting_table":1,"minecraft:lilac":2,"minecraft:wooden_pickaxe":1,"minecraft:dirt":93,"minecraft:wheat_seeds":4,"minecraft:small_dripleaf":1,"minecraft:spore_blossom":1,"minecraft:stone_pickaxe":8,"minecraft:cobblestone_slab":114,"minecraft:jungle_sapling":8,"minecraft:poppy":2,"minecraft:frogspawn":1,"minecraft:moss_block":4,"minecraft:stone_hoe":1,"minecraft:chest":3,"minecraft:birch_sapling":2,"minecraft:oak_planks":14,"minecraft:acacia_sapling":2,"minecraft:dark_oak_sapling":8,"minecraft:stick":4,"minecraft:glow_lichen":1,"minecraft:sweet_berries":1,"minecraft:big_dripleaf":1,"minecraft:dandelion":2,"minecraft:dripstone_block":2,"minecraft:lava_bucket":1,"minecraft:spruce_sapling":1,"minecraft:soul_torch":3,"minecraft:dead_bush":1,"minecraft:vine":1,"minecraft:pumpkin_seeds":1,"minecraft:cactus":3,"minecraft:rotten_flesh":2,"minecraft:beetroot_seeds":1,"minecraft:cherry_sapling":2,"minecraft:oak_sapling":10,"minecraft:melon_seeds":1,"minecraft:mangrove_propagule":2,"minecraft:cobblestone":379,"minecraft:sunflower":1},"minecraft:dropped":{"minecraft:stone_hoe":1,"minecraft:rotten_flesh":2,"minecraft:cobblestone":31,"minecraft:oak_planks":7,"minecraft:carrot":1,"minecraft:lava_bucket":1,"minecraft:potato":1,"minecraft:dirt":18,"minecraft:cobblestone_slab":131,"minecraft:stone_pickaxe":4},"minecraft:mined":{"minecraft:large_amethyst_bud":1,"minecraft:dandelion":1,"minecraft:crafting_table":1,"minecraft:short_grass":23,"minecraft:grass_block":25,"minecraft:poppy":1,"minecraft:chest":3,"minecraft:cobblestone":220,"minecraft:moss_block":2,"minecraft:sculk":2,"minecraft:cactus":1,"minecraft:spruce_sapling":1,"minecraft:oak_log":4,"minecraft:cobblestone_slab":12,"minecraft:sunflower":1,"minecraft:dripstone_block":1,"minecraft:dirt":54},"minecraft:killed":{"minecraft:creeper":1,"minecraft:zombie":1},"minecraft:used":{"minecraft:stone_pickaxe":209,"minecraft:chest":3,"minecraft:wooden_pickaxe":44,"minecraft:cobblestone_slab":572,"minecraft:dirt":62,"minecraft:crafting_table":1,"minecraft:spruce_sapling":3,"minecraft:soul_torch":2},"minecraft:crafted":{"minecraft:cobblestone_slab":690,"minecraft:stone_pickaxe":1,"minecraft:stone_hoe":1},"minecraft:custom":{"minecraft:mob_kills":2,"minecraft:interact_with_crafting_table":9,"minecraft:leave_game":1,"minecraft:time_since_death":40167,"minecraft:time_since_rest":40192,"minecraft:walk_one_cm":72050,"minecraft:sprint_one_cm":37688,"minecraft:damage_taken":705,"minecraft:drop":19,"minecraft:damage_dealt":585,"minecraft:fly_one_cm":63313,"minecraft:open_chest":48,"minecraft:crouch_one_cm":55753,"minecraft:play_time":70641,"minecraft:deaths":2,"minecraft:sneak_time":14210,"minecraft:walk_under_water_one_cm":156,"minecraft:jump":256,"minecraft:walk_on_water_one_cm":1473,"minecraft:total_world_time":70641,"minecraft:fall_one_cm":1320},"minecraft:broken":{"minecraft:stone_pickaxe":2,"minecraft:wooden_pickaxe":1}},"DataVersion":3839}