{"stats":{"minecraft:used":{"minecraft:water_bucket":2,"minecraft:spruce_slab":1960,"minecraft:stone_pickaxe":1991,"minecraft:baked_potato":12,"minecraft:chest":3,"minecraft:wooden_pickaxe":8,"minecraft:cobblestone_slab":968,"minecraft:stone_hoe":24,"minecraft:rotten_flesh":2,"minecraft:dirt":41,"minecraft:carrot":1,"minecraft:spruce_trapdoor":64,"minecraft:spruce_sapling":11,"minecraft:stone_axe":409,"minecraft:cobblestone":7,"minecraft:bow":4,"minecraft:bucket":3,"minecraft:potato":34,"minecraft:bone_meal":5,"minecraft:dark_oak_sapling":1},"minecraft:killed_by":{"minecraft:player":4,"minecraft:skeleton":2,"minecraft:spider":1},"minecraft:broken":{"minecraft:stone_pickaxe":15,"minecraft:stone_axe":3},"minecraft:crafted":{"minecraft:cobblestone_slab":912,"minecraft:spruce_planks":1376,"minecraft:baked_potato":30,"minecraft:birch_planks":12,"minecraft:stone_axe":5,"minecraft:air":0,"minecraft:spruce_trapdoor":274,"minecraft:charcoal":7,"minecraft:spruce_slab":1020,"minecraft:stick":92,"minecraft:stone_pickaxe":38,"minecraft:chest":1,"minecraft:stone_hoe":1},"minecraft:mined":{"minecraft:oak_sapling":1,"minecraft:dandelion":1,"minecraft:crafting_table":1,"minecraft:cave_vines_plant":1,"minecraft:grass_block":21,"minecraft:poppy":1,"minecraft:chest":2,"minecraft:cobblestone":1957,"minecraft:spruce_leaves":4,"minecraft:moss_block":3,"minecraft:cactus":1,"minecraft:spruce_sapling":1,"minecraft:birch_log":4,"minecraft:spruce_log":371,"minecraft:grass":22,"minecraft:potatoes":18,"minecraft:cave_vines":1,"minecraft:cobblestone_slab":14,"minecraft:dark_oak_sapling":1,"minecraft:dripstone_block":2,"minecraft:dirt":41,"minecraft:azalea_leaves":1,"minecraft:spruce_slab":20},"minecraft:killed":{"minecraft:spider":2,"minecraft:trader_llama":2,"minecraft:zombie":2},"minecraft:dropped":{"minecraft:water_bucket":2,"minecraft:stone_axe":1,"minecraft:baked_potato":14,"minecraft:poisonous_potato":2,"minecraft:cobblestone":993,"minecraft:rotten_flesh":1,"minecraft:lava_bucket":1,"minecraft:cobblestone_slab":148,"minecraft:dirt":2,"minecraft:ice":1,"minecraft:spruce_log":5,"minecraft:stone_pickaxe":11,"minecraft:spruce_sapling":1},"minecraft:picked_up":{"minecraft:birch_log":3,"minecraft:crafting_table":2,"minecraft:lilac":1,"minecraft:leather":1,"minecraft:lead":2,"minecraft:wooden_pickaxe":1,"minecraft:potato":63,"minecraft:string":4,"minecraft:dirt":205,"minecraft:wheat_seeds":3,"minecraft:bucket":3,"minecraft:spruce_planks":4,"minecraft:stone_pickaxe":49,"minecraft:cobblestone_slab":175,"minecraft:poppy":1,"minecraft:spruce_slab":940,"minecraft:moss_block":3,"minecraft:chest":2,"minecraft:oak_planks":4,"minecraft:stone_hoe":2,"minecraft:spruce_trapdoor":484,"minecraft:dark_oak_sapling":1,"minecraft:stick":74,"minecraft:torch":7,"minecraft:dandelion":1,"minecraft:poisonous_potato":2,"minecraft:dripstone_block":4,"minecraft:spruce_sapling":55,"minecraft:spruce_log":369,"minecraft:spider_eye":4,"minecraft:arrow":5,"minecraft:cactus":2,"minecraft:rotten_flesh":5,"minecraft:stone_axe":5,"minecraft:baked_potato":18,"minecraft:oak_sapling":3,"minecraft:glow_berries":2,"minecraft:cobblestone":1347},"minecraft:custom":{"minecraft:interact_with_furnace":1,"minecraft:mob_kills":6,"minecraft:interact_with_crafting_table":40,"minecraft:leave_game":2,"minecraft:time_since_death":7328,"minecraft:climb_one_cm":17940,"minecraft:time_since_rest":7352,"minecraft:sprint_one_cm":233769,"minecraft:damage_taken":2664,"minecraft:walk_one_cm":372499,"minecraft:drop":47,"minecraft:damage_dealt":1723,"minecraft:swim_one_cm":130,"minecraft:talked_to_villager":2,"minecraft:fly_one_cm":348933,"minecraft:open_chest":106,"minecraft:crouch_one_cm":113534,"minecraft:play_time":203152,"minecraft:deaths":9,"minecraft:sneak_time":21266,"minecraft:walk_under_water_one_cm":1328,"minecraft:jump":1562,"minecraft:walk_on_water_one_cm":12956,"minecraft:interact_with_smoker":10,"minecraft:total_world_time":203152,"minecraft:fall_one_cm":16079}},"DataVersion":3463}