{"stats":{"minecraft:used":{"minecraft:stone_sword":99,"minecraft:spruce_slab":1960,"minecraft:chest":4,"minecraft:stone_hoe":24,"minecraft:rotten_flesh":2,"minecraft:dirt":53,"minecraft:carrot":1,"minecraft:obsidian":11,"minecraft:golden_sword":13,"minecraft:bow":80,"minecraft:potato":150,"minecraft:dark_oak_sapling":1,"minecraft:water_bucket":2,"minecraft:stone_pickaxe":3964,"minecraft:baked_potato":32,"minecraft:wooden_pickaxe":8,"minecraft:cobblestone_slab":1694,"minecraft:crafting_table":1,"minecraft:spruce_trapdoor":247,"minecraft:spruce_sapling":31,"minecraft:stone_axe":518,"minecraft:cobblestone":68,"minecraft:bucket":3,"minecraft:bone_meal":165},"minecraft:crafted":{"minecraft:cobblestone_slab":2118,"minecraft:bone_meal":267,"minecraft:spruce_slab":1020,"minecraft:stone_pickaxe":38,"minecraft:chest":1,"minecraft:spruce_boat":2,"minecraft:stone_hoe":1,"minecraft:spruce_planks":1700,"minecraft:baked_potato":66,"minecraft:birch_planks":12,"minecraft:stone_axe":11,"minecraft:air":0,"minecraft:spruce_trapdoor":376,"minecraft:charcoal":7,"minecraft:stick":108,"minecraft:stone_sword":1,"minecraft:gold_ingot":16},"minecraft:custom":{"minecraft:mob_kills":517,"minecraft:interact_with_crafting_table":58,"minecraft:leave_game":4,"minecraft:time_since_death":14752,"minecraft:climb_one_cm":31771,"minecraft:sprint_one_cm":408082,"minecraft:walk_one_cm":553008,"minecraft:drop":106,"minecraft:talked_to_villager":2,"minecraft:play_time":368234,"minecraft:deaths":11,"minecraft:sneak_time":35336,"minecraft:walk_under_water_one_cm":4518,"minecraft:jump":2775,"minecraft:walk_on_water_one_cm":14645,"minecraft:total_world_time":368234,"minecraft:interact_with_furnace":2,"minecraft:sleep_in_bed":4,"minecraft:time_since_rest":6235,"minecraft:damage_taken":3902,"minecraft:damage_dealt":6603,"minecraft:swim_one_cm":224,"minecraft:fly_one_cm":634078,"minecraft:open_chest":187,"minecraft:crouch_one_cm":190114,"minecraft:interact_with_smoker":16,"minecraft:fall_one_cm":38872},"minecraft:mined":{"minecraft:oak_sapling":1,"minecraft:spruce_trapdoor":5,"minecraft:cave_vines_plant":1,"minecraft:grass_block":30,"minecraft:spruce_leaves":8,"minecraft:moss_block":3,"minecraft:spruce_sapling":1,"minecraft:carrots":6,"minecraft:peony":1,"minecraft:cave_vines":1,"minecraft:potatoes":109,"minecraft:cobblestone_slab":51,"minecraft:azalea_leaves":1,"minecraft:spruce_slab":20,"minecraft:dandelion":1,"minecraft:crafting_table":1,"minecraft:torch":1,"minecraft:poppy":1,"minecraft:chest":3,"minecraft:rose_bush":1,"minecraft:cobblestone":3763,"minecraft:pink_petals":1,"minecraft:cactus":1,"minecraft:birch_log":4,"minecraft:spruce_log":477,"minecraft:birch_leaves":4,"minecraft:grass":22,"minecraft:dark_oak_sapling":1,"minecraft:sunflower":1,"minecraft:dripstone_block":2,"minecraft:dirt":55},"minecraft:dropped":{"minecraft:water_bucket":2,"minecraft:baked_potato":33,"minecraft:poisonous_potato":2,"minecraft:cobblestone":2259,"minecraft:lava_bucket":1,"minecraft:dirt":2,"minecraft:ice":1,"minecraft:string":5,"minecraft:spruce_sapling":1,"minecraft:bone":10,"minecraft:stone_axe":9,"minecraft:music_disc_chirp":1,"minecraft:birch_sapling":2,"minecraft:rotten_flesh":269,"minecraft:cobblestone_slab":688,"minecraft:spruce_boat":3,"minecraft:spruce_trapdoor":146,"minecraft:spruce_log":5,"minecraft:stone_pickaxe":11},"minecraft:killed_by":{"minecraft:player":4,"minecraft:spider":1,"minecraft:skeleton":2},"minecraft:killed":{"minecraft:zombified_piglin":9,"minecraft:witch":1,"minecraft:spider":2,"minecraft:skeleton":78,"minecraft:magma_cube":9,"minecraft:creeper":85,"minecraft:trader_llama":2,"minecraft:zombie":57},"minecraft:broken":{"minecraft:stone_pickaxe":31,"minecraft:golden_sword":2,"minecraft:stone_axe":3},"minecraft:picked_up":{"minecraft:crafting_table":3,"minecraft:lead":2,"minecraft:wooden_pickaxe":1,"minecraft:golden_sword":20,"minecraft:music_disc_cat":1,"minecraft:string":63,"minecraft:gold_nugget":158,"minecraft:bucket":3,"minecraft:spruce_planks":4,"minecraft:cobblestone_slab":548,"minecraft:rose_bush":1,"minecraft:poppy":1,"minecraft:spruce_slab":940,"minecraft:chest":3,"minecraft:birch_sapling":6,"minecraft:spruce_trapdoor":578,"minecraft:dark_oak_sapling":1,"minecraft:stick":77,"minecraft:music_disc_blocks":1,"minecraft:music_disc_mellohi":2,"minecraft:torch":7,"minecraft:music_disc_11":2,"minecraft:carrot":21,"minecraft:cactus":2,"minecraft:stone_sword":2,"minecraft:arrow":215,"minecraft:rotten_flesh":411,"minecraft:peony":1,"minecraft:gold_ingot":3,"minecraft:glow_berries":2,"minecraft:obsidian":1,"minecraft:cobblestone":3402,"minecraft:birch_log":3,"minecraft:pink_petals":4,"minecraft:lilac":1,"minecraft:magma_cream":2,"minecraft:leather":1,"minecraft:potato":390,"minecraft:gunpowder":181,"minecraft:dirt":231,"minecraft:bone":209,"minecraft:bow":9,"minecraft:wheat_seeds":3,"minecraft:stone_pickaxe":51,"minecraft:iron_ingot":1,"minecraft:moss_block":3,"minecraft:oak_planks":4,"minecraft:stone_hoe":2,"minecraft:music_disc_chirp":2,"minecraft:dandelion":1,"minecraft:poisonous_potato":2,"minecraft:dripstone_block":4,"minecraft:spruce_sapling":56,"minecraft:spruce_log":475,"minecraft:spider_eye":4,"minecraft:music_disc_mall":1,"minecraft:stone_axe":19,"minecraft:spruce_boat":1,"minecraft:baked_potato":99,"minecraft:oak_sapling":3,"minecraft:sunflower":1}},"DataVersion":3463}