{"stats":{"minecraft:used":{"minecraft:stone_pickaxe":12,"minecraft:wooden_pickaxe":8,"minecraft:spruce_sapling":2,"minecraft:cobblestone_slab":106,"minecraft:dirt":13,"minecraft:dark_oak_sapling":1},"minecraft:killed_by":{"minecraft:player":1},"minecraft:crafted":{"minecraft:cobblestone_slab":126,"minecraft:stick":12,"minecraft:stone_pickaxe":3,"minecraft:birch_planks":12},"minecraft:mined":{"minecraft:oak_sapling":1,"minecraft:birch_log":4,"minecraft:dandelion":1,"minecraft:grass":22,"minecraft:grass_block":21,"minecraft:poppy":1,"minecraft:cobblestone_slab":4,"minecraft:dark_oak_sapling":1,"minecraft:dirt":26,"minecraft:cobblestone":3},"minecraft:dropped":{"minecraft:lava_bucket":1,"minecraft:ice":1,"minecraft:stone_pickaxe":2},"minecraft:picked_up":{"minecraft:birch_log":3,"minecraft:dark_oak_sapling":1,"minecraft:lilac":1,"minecraft:torch":1,"minecraft:dandelion":1,"minecraft:wooden_pickaxe":1,"minecraft:dirt":46,"minecraft:wheat_seeds":3,"minecraft:stone_pickaxe":1,"minecraft:cobblestone_slab":31,"minecraft:poppy":1,"minecraft:oak_sapling":3,"minecraft:cobblestone":75},"minecraft:custom":{"minecraft:time_since_rest":813,"minecraft:sprint_one_cm":12139,"minecraft:damage_taken":224,"minecraft:walk_one_cm":30168,"minecraft:drop":4,"minecraft:damage_dealt":189,"minecraft:interact_with_crafting_table":14,"minecraft:fly_one_cm":39580,"minecraft:open_chest":9,"minecraft:crouch_one_cm":16495,"minecraft:play_time":17406,"minecraft:deaths":1,"minecraft:sneak_time":4767,"minecraft:walk_under_water_one_cm":210,"minecraft:jump":199,"minecraft:leave_game":1,"minecraft:time_since_death":787,"minecraft:walk_on_water_one_cm":347,"minecraft:total_world_time":17406,"minecraft:fall_one_cm":689}},"DataVersion":3463}