{"stats":{"minecraft:used":{"minecraft:stone_sword":150,"minecraft:stone_shovel":172,"minecraft:spruce_slab":1960,"minecraft:ladder":5,"minecraft:chest":4,"minecraft:stone_hoe":24,"minecraft:rotten_flesh":20,"minecraft:dirt":213,"minecraft:carrot":1,"minecraft:obsidian":11,"minecraft:spruce_boat":1,"minecraft:golden_sword":13,"minecraft:bow":124,"minecraft:potato":150,"minecraft:dark_oak_sapling":1,"minecraft:water_bucket":2,"minecraft:birch_planks":159,"minecraft:stone_pickaxe":4370,"minecraft:baked_potato":75,"minecraft:wooden_pickaxe":8,"minecraft:cobblestone_slab":1982,"minecraft:crafting_table":1,"minecraft:spruce_trapdoor":386,"minecraft:spruce_sapling":31,"minecraft:stone_axe":696,"minecraft:cobblestone":98,"minecraft:bucket":3,"minecraft:bone_meal":165,"minecraft:splash_potion":1},"minecraft:crafted":{"minecraft:stone_shovel":1,"minecraft:cobblestone_slab":2214,"minecraft:bone_meal":267,"minecraft:spruce_slab":1020,"minecraft:stone_pickaxe":50,"minecraft:chest":1,"minecraft:spruce_boat":2,"minecraft:stone_hoe":1,"minecraft:spruce_planks":2112,"minecraft:baked_potato":143,"minecraft:birch_planks":268,"minecraft:stone_axe":11,"minecraft:air":0,"minecraft:spruce_trapdoor":510,"minecraft:golden_apple":1,"minecraft:charcoal":7,"minecraft:stick":136,"minecraft:stone_sword":2,"minecraft:gold_ingot":38},"minecraft:custom":{"minecraft:mob_kills":1089,"minecraft:interact_with_crafting_table":81,"minecraft:leave_game":10,"minecraft:time_since_death":668,"minecraft:climb_one_cm":46815,"minecraft:sprint_one_cm":674775,"minecraft:walk_one_cm":772385,"minecraft:drop":208,"minecraft:talked_to_villager":2,"minecraft:play_time":479221,"minecraft:sneak_time":46413,"minecraft:deaths":26,"minecraft:walk_under_water_one_cm":5816,"minecraft:boat_one_cm":3612,"minecraft:jump":4507,"minecraft:walk_on_water_one_cm":22550,"minecraft:total_world_time":479221,"minecraft:interact_with_furnace":4,"minecraft:sleep_in_bed":7,"minecraft:time_since_rest":699,"minecraft:damage_taken":10161,"minecraft:damage_dealt":12015,"minecraft:swim_one_cm":1028,"minecraft:fly_one_cm":997904,"minecraft:player_kills":1,"minecraft:open_chest":284,"minecraft:crouch_one_cm":241190,"minecraft:interact_with_smoker":26,"minecraft:fall_one_cm":74473},"minecraft:mined":{"minecraft:spruce_planks":5,"minecraft:white_bed":1,"minecraft:oak_sapling":1,"minecraft:farmland":81,"minecraft:spruce_trapdoor":8,"minecraft:cave_vines_plant":1,"minecraft:ladder":5,"minecraft:grass_block":30,"minecraft:spruce_leaves":8,"minecraft:composter":1,"minecraft:moss_block":3,"minecraft:spruce_sapling":1,"minecraft:carrots":6,"minecraft:peony":1,"minecraft:potatoes":122,"minecraft:cave_vines":1,"minecraft:cobblestone_slab":102,"minecraft:azalea_leaves":1,"minecraft:spruce_slab":20,"minecraft:podzol":16,"minecraft:dandelion":1,"minecraft:crafting_table":1,"minecraft:torch":1,"minecraft:poppy":1,"minecraft:chest":3,"minecraft:rose_bush":1,"minecraft:cobblestone":4069,"minecraft:pink_petals":1,"minecraft:birch_planks":39,"minecraft:cactus":1,"minecraft:birch_log":4,"minecraft:spruce_log":545,"minecraft:birch_leaves":4,"minecraft:grass":22,"minecraft:dark_oak_sapling":1,"minecraft:sunflower":1,"minecraft:dripstone_block":2,"minecraft:dirt":123},"minecraft:dropped":{"minecraft:water_bucket":3,"minecraft:iron_ingot":2,"minecraft:baked_potato":50,"minecraft:poisonous_potato":4,"minecraft:cobblestone":2315,"minecraft:golden_apple":2,"minecraft:stick":114,"minecraft:lava_bucket":1,"minecraft:dirt":2,"minecraft:ice":1,"minecraft:torch":108,"minecraft:string":5,"minecraft:birch_log":1,"minecraft:spruce_sapling":7,"minecraft:gold_ingot":30,"minecraft:bone":20,"minecraft:stone_axe":18,"minecraft:music_disc_chirp":1,"minecraft:birch_sapling":18,"minecraft:composter":1,"minecraft:rotten_flesh":497,"minecraft:cobblestone_slab":837,"minecraft:spruce_boat":3,"minecraft:gunpowder":32,"minecraft:spruce_trapdoor":146,"minecraft:charcoal":28,"minecraft:oak_sapling":2,"minecraft:golden_sword":32,"minecraft:spider_eye":1,"minecraft:spruce_log":5,"minecraft:stone_pickaxe":15,"minecraft:bow":1,"minecraft:arrow":102},"minecraft:killed_by":{"minecraft:player":7,"minecraft:zombified_piglin":1,"minecraft:creeper":4,"minecraft:spider":1,"minecraft:skeleton":4,"minecraft:zombie":2},"minecraft:killed":{"minecraft:zombified_piglin":11,"minecraft:witch":2,"minecraft:spider":7,"minecraft:skeleton":143,"minecraft:magma_cube":9,"minecraft:piglin":1,"minecraft:zombie_villager":3,"minecraft:creeper":161,"minecraft:trader_llama":2,"minecraft:zombie":124,"minecraft:ghast":1},"minecraft:broken":{"minecraft:stone_sword":1,"minecraft:stone_pickaxe":34,"minecraft:golden_sword":2,"minecraft:stone_axe":5,"minecraft:bow":1,"minecraft:stone_shovel":1},"minecraft:picked_up":{"minecraft:charcoal":28,"minecraft:crafting_table":3,"minecraft:music_disc_strad":2,"minecraft:splash_potion":1,"minecraft:ladder":281,"minecraft:lead":2,"minecraft:wooden_pickaxe":1,"minecraft:golden_sword":59,"minecraft:music_disc_cat":1,"minecraft:string":85,"minecraft:gold_nugget":403,"minecraft:bucket":3,"minecraft:spruce_planks":14,"minecraft:rose_bush":1,"minecraft:cobblestone_slab":1022,"minecraft:spruce_slab":940,"minecraft:poppy":1,"minecraft:chest":3,"minecraft:birch_sapling":22,"minecraft:spruce_trapdoor":679,"minecraft:dark_oak_sapling":1,"minecraft:stick":226,"minecraft:music_disc_blocks":1,"minecraft:composter":1,"minecraft:torch":119,"minecraft:music_disc_mellohi":3,"minecraft:music_disc_11":2,"minecraft:music_disc_pigstep":1,"minecraft:carrot":21,"minecraft:arrow":406,"minecraft:stone_sword":4,"minecraft:cactus":2,"minecraft:rotten_flesh":854,"minecraft:stone_shovel":2,"minecraft:peony":1,"minecraft:gold_ingot":16,"minecraft:glow_berries":2,"minecraft:obsidian":1,"minecraft:cobblestone":3840,"minecraft:birch_log":4,"minecraft:pink_petals":4,"minecraft:lilac":1,"minecraft:magma_cream":2,"minecraft:water_bucket":1,"minecraft:leather":1,"minecraft:music_disc_stal":1,"minecraft:potato":453,"minecraft:birch_planks":179,"minecraft:gunpowder":331,"minecraft:dirt":392,"minecraft:bone":399,"minecraft:apple":1,"minecraft:bow":12,"minecraft:wheat_seeds":3,"minecraft:iron_ingot":4,"minecraft:stone_pickaxe":57,"minecraft:moss_block":3,"minecraft:stone_hoe":2,"minecraft:oak_planks":4,"minecraft:music_disc_chirp":5,"minecraft:dandelion":1,"minecraft:poisonous_potato":4,"minecraft:dripstone_block":4,"minecraft:spruce_sapling":71,"minecraft:white_bed":1,"minecraft:spruce_log":546,"minecraft:spider_eye":11,"minecraft:music_disc_mall":1,"minecraft:spruce_boat":8,"minecraft:stone_axe":34,"minecraft:golden_apple":3,"minecraft:baked_potato":192,"minecraft:oak_sapling":5,"minecraft:sunflower":1}},"DataVersion":3463}