{"stats":{"minecraft:used":{"minecraft:water_bucket":2,"minecraft:spruce_slab":1960,"minecraft:stone_pickaxe":1778,"minecraft:baked_potato":3,"minecraft:chest":3,"minecraft:wooden_pickaxe":8,"minecraft:cobblestone_slab":967,"minecraft:stone_hoe":24,"minecraft:rotten_flesh":2,"minecraft:dirt":41,"minecraft:carrot":1,"minecraft:spruce_sapling":11,"minecraft:stone_axe":194,"minecraft:cobblestone":2,"minecraft:bow":4,"minecraft:bucket":3,"minecraft:potato":22,"minecraft:bone_meal":5,"minecraft:dark_oak_sapling":1},"minecraft:killed_by":{"minecraft:player":4,"minecraft:skeleton":1,"minecraft:spider":1},"minecraft:broken":{"minecraft:stone_pickaxe":14,"minecraft:stone_axe":1},"minecraft:crafted":{"minecraft:cobblestone_slab":912,"minecraft:spruce_planks":552,"minecraft:baked_potato":17,"minecraft:birch_planks":12,"minecraft:stone_axe":5,"minecraft:air":0,"minecraft:charcoal":7,"minecraft:spruce_slab":1020,"minecraft:stick":92,"minecraft:stone_pickaxe":38,"minecraft:chest":1,"minecraft:stone_hoe":1},"minecraft:mined":{"minecraft:oak_sapling":1,"minecraft:dandelion":1,"minecraft:cave_vines_plant":1,"minecraft:grass_block":21,"minecraft:poppy":1,"minecraft:chest":2,"minecraft:cobblestone":1755,"minecraft:spruce_leaves":1,"minecraft:moss_block":3,"minecraft:cactus":1,"minecraft:spruce_sapling":1,"minecraft:birch_log":4,"minecraft:spruce_log":165,"minecraft:grass":22,"minecraft:potatoes":14,"minecraft:cave_vines":1,"minecraft:cobblestone_slab":12,"minecraft:dark_oak_sapling":1,"minecraft:dripstone_block":2,"minecraft:dirt":41,"minecraft:azalea_leaves":1,"minecraft:spruce_slab":20},"minecraft:killed":{"minecraft:spider":1,"minecraft:zombie":1},"minecraft:dropped":{"minecraft:water_bucket":2,"minecraft:stone_axe":1,"minecraft:baked_potato":14,"minecraft:poisonous_potato":2,"minecraft:cobblestone":993,"minecraft:lava_bucket":1,"minecraft:cobblestone_slab":148,"minecraft:dirt":2,"minecraft:ice":1,"minecraft:spruce_log":5,"minecraft:stone_pickaxe":11,"minecraft:spruce_sapling":1},"minecraft:picked_up":{"minecraft:birch_log":3,"minecraft:lilac":1,"minecraft:wooden_pickaxe":1,"minecraft:potato":51,"minecraft:dirt":205,"minecraft:wheat_seeds":3,"minecraft:bucket":3,"minecraft:stone_pickaxe":33,"minecraft:cobblestone_slab":172,"minecraft:poppy":1,"minecraft:spruce_slab":940,"minecraft:moss_block":3,"minecraft:chest":2,"minecraft:oak_planks":4,"minecraft:stone_hoe":2,"minecraft:dark_oak_sapling":1,"minecraft:stick":38,"minecraft:torch":2,"minecraft:dandelion":1,"minecraft:poisonous_potato":2,"minecraft:dripstone_block":4,"minecraft:spruce_sapling":23,"minecraft:spruce_log":163,"minecraft:spider_eye":2,"minecraft:cactus":2,"minecraft:rotten_flesh":2,"minecraft:stone_axe":2,"minecraft:baked_potato":4,"minecraft:oak_sapling":3,"minecraft:glow_berries":2,"minecraft:cobblestone":1209},"minecraft:custom":{"minecraft:interact_with_furnace":1,"minecraft:mob_kills":2,"minecraft:interact_with_crafting_table":39,"minecraft:leave_game":2,"minecraft:time_since_death":62991,"minecraft:climb_one_cm":4518,"minecraft:time_since_rest":63158,"minecraft:sprint_one_cm":185717,"minecraft:damage_taken":1724,"minecraft:walk_one_cm":328979,"minecraft:drop":46,"minecraft:damage_dealt":722,"minecraft:talked_to_villager":1,"minecraft:fly_one_cm":306638,"minecraft:open_chest":99,"minecraft:crouch_one_cm":112924,"minecraft:play_time":179152,"minecraft:deaths":7,"minecraft:sneak_time":20778,"minecraft:walk_under_water_one_cm":585,"minecraft:jump":1287,"minecraft:walk_on_water_one_cm":6707,"minecraft:interact_with_smoker":7,"minecraft:total_world_time":179152,"minecraft:fall_one_cm":8352}},"DataVersion":3463}