{"stats":{"minecraft:picked_up":{"minecraft:lilac":1,"minecraft:wooden_pickaxe":1,"minecraft:wheat_seeds":1,"minecraft:dandelion":1,"minecraft:dripstone_block":1,"minecraft:poppy":1,"minecraft:moss_block":2,"minecraft:dirt":11,"minecraft:cobblestone":105,"minecraft:sunflower":1},"minecraft:dropped":{"minecraft:dirt":1,"minecraft:stone_pickaxe":1},"minecraft:mined":{"minecraft:grass_block":8,"minecraft:short_grass":23,"minecraft:oak_log":4,"minecraft:poppy":1,"minecraft:dripstone_block":1,"minecraft:sunflower":1,"minecraft:dirt":3,"minecraft:cobblestone":79,"minecraft:moss_block":2,"minecraft:dandelion":1},"minecraft:crafted":{"minecraft:cobblestone_slab":120,"minecraft:stone_pickaxe":1},"minecraft:used":{"minecraft:dirt":6,"minecraft:stone_pickaxe":37,"minecraft:wooden_pickaxe":44,"minecraft:cobblestone_slab":116},"minecraft:broken":{"minecraft:wooden_pickaxe":1},"minecraft:custom":{"minecraft:time_since_rest":27873,"minecraft:open_chest":17,"minecraft:walk_one_cm":7671,"minecraft:crouch_one_cm":16700,"minecraft:damage_taken":290,"minecraft:play_time":28641,"minecraft:sprint_one_cm":2420,"minecraft:deaths":1,"minecraft:sneak_time":4823,"minecraft:drop":2,"minecraft:jump":65,"minecraft:damage_dealt":10,"minecraft:leave_game":1,"minecraft:walk_on_water_one_cm":96,"minecraft:time_since_death":27846,"minecraft:total_world_time":28641,"minecraft:fall_one_cm":211,"minecraft:interact_with_crafting_table":3,"minecraft:fly_one_cm":9947}},"DataVersion":3839}