{"stats":{"minecraft:used":{"minecraft:dirt":2},"minecraft:mined":{"minecraft:grass":22,"minecraft:grass_block":11,"minecraft:poppy":1,"minecraft:dirt":15,"minecraft:dandelion":1},"minecraft:picked_up":{"minecraft:dandelion":1,"minecraft:wheat_seeds":3,"minecraft:poppy":1,"minecraft:oak_sapling":2,"minecraft:dirt":25,"minecraft:cobblestone":12},"minecraft:dropped":{"minecraft:lava_bucket":1,"minecraft:ice":1},"minecraft:custom":{"minecraft:time_since_rest":5406,"minecraft:open_chest":6,"minecraft:crouch_one_cm":5117,"minecraft:sprint_one_cm":137,"minecraft:play_time":5406,"minecraft:damage_taken":10,"minecraft:walk_one_cm":4950,"minecraft:sneak_time":1912,"minecraft:drop":2,"minecraft:jump":16,"minecraft:damage_dealt":20,"minecraft:leave_game":1,"minecraft:time_since_death":5406,"minecraft:total_world_time":5406,"minecraft:interact_with_crafting_table":1,"minecraft:fly_one_cm":40}},"DataVersion":3463}