{"stats":{"minecraft:picked_up":{"minecraft:cocoa_beans":1,"minecraft:crafting_table":1,"minecraft:lilac":2,"minecraft:wooden_pickaxe":1,"minecraft:dirt":103,"minecraft:bone":2,"minecraft:kelp":3,"minecraft:wheat_seeds":4,"minecraft:small_dripleaf":1,"minecraft:spore_blossom":1,"minecraft:stone_pickaxe":8,"minecraft:cobblestone_slab":116,"minecraft:jungle_sapling":8,"minecraft:poppy":2,"minecraft:frogspawn":1,"minecraft:moss_block":4,"minecraft:stone_hoe":1,"minecraft:chest":3,"minecraft:birch_sapling":2,"minecraft:oak_planks":14,"minecraft:acacia_sapling":2,"minecraft:dark_oak_sapling":8,"minecraft:stick":5,"minecraft:glow_lichen":1,"minecraft:sweet_berries":1,"minecraft:big_dripleaf":1,"minecraft:dandelion":2,"minecraft:dripstone_block":2,"minecraft:lava_bucket":1,"minecraft:spruce_sapling":6,"minecraft:soul_torch":3,"minecraft:spruce_log":9,"minecraft:dead_bush":1,"minecraft:vine":1,"minecraft:pumpkin_seeds":1,"minecraft:cactus":3,"minecraft:rotten_flesh":2,"minecraft:beetroot_seeds":1,"minecraft:cherry_sapling":2,"minecraft:oak_sapling":10,"minecraft:melon_seeds":1,"minecraft:mangrove_propagule":2,"minecraft:cobblestone":379,"minecraft:sunflower":1},"minecraft:killed_by":{"minecraft:player":1},"minecraft:dropped":{"minecraft:stone_hoe":2,"minecraft:kelp":1,"minecraft:rotten_flesh":2,"minecraft:cobblestone":31,"minecraft:oak_planks":7,"minecraft:carrot":1,"minecraft:lava_bucket":1,"minecraft:potato":1,"minecraft:dirt":34,"minecraft:cobblestone_slab":131,"minecraft:bone_meal":6,"minecraft:stone_pickaxe":5,"minecraft:spruce_sapling":1},"minecraft:mined":{"minecraft:podzol":1,"minecraft:large_amethyst_bud":1,"minecraft:dandelion":1,"minecraft:crafting_table":1,"minecraft:short_grass":23,"minecraft:grass_block":25,"minecraft:poppy":1,"minecraft:chest":3,"minecraft:cobblestone":220,"minecraft:spruce_leaves":3,"minecraft:kelp":1,"minecraft:moss_block":2,"minecraft:sculk":2,"minecraft:cactus":1,"minecraft:spruce_sapling":2,"minecraft:spruce_log":9,"minecraft:oak_log":4,"minecraft:cobblestone_slab":13,"minecraft:sunflower":1,"minecraft:dripstone_block":1,"minecraft:dirt":63},"minecraft:killed":{"minecraft:creeper":2,"minecraft:zombie":1},"minecraft:used":{"minecraft:stone_pickaxe":220,"minecraft:chest":3,"minecraft:wooden_pickaxe":44,"minecraft:cobblestone_slab":576,"minecraft:dirt":72,"minecraft:crafting_table":1,"minecraft:spruce_sapling":7,"minecraft:kelp":1,"minecraft:soul_torch":2},"minecraft:crafted":{"minecraft:cobblestone_slab":690,"minecraft:bone_meal":6,"minecraft:stone_pickaxe":1,"minecraft:stone_hoe":1},"minecraft:custom":{"minecraft:mob_kills":3,"minecraft:interact_with_crafting_table":11,"minecraft:leave_game":1,"minecraft:time_since_death":4104,"minecraft:time_since_rest":4129,"minecraft:walk_one_cm":159617,"minecraft:sprint_one_cm":43457,"minecraft:damage_taken":745,"minecraft:drop":45,"minecraft:damage_dealt":935,"minecraft:fly_one_cm":77583,"minecraft:open_chest":64,"minecraft:crouch_one_cm":59458,"minecraft:play_time":82641,"minecraft:deaths":3,"minecraft:sneak_time":15554,"minecraft:walk_under_water_one_cm":156,"minecraft:jump":294,"minecraft:walk_on_water_one_cm":1558,"minecraft:total_world_time":82641,"minecraft:fall_one_cm":1320},"minecraft:broken":{"minecraft:stone_pickaxe":2,"minecraft:wooden_pickaxe":1}},"DataVersion":3839}