{"stats":{"minecraft:used":{"minecraft:water_bucket":1,"minecraft:stone_pickaxe":1419,"minecraft:chest":3,"minecraft:wooden_pickaxe":8,"minecraft:cobblestone_slab":966,"minecraft:stone_hoe":24,"minecraft:rotten_flesh":2,"minecraft:dirt":41,"minecraft:carrot":1,"minecraft:spruce_sapling":3,"minecraft:stone_axe":17,"minecraft:cobblestone":2,"minecraft:potato":1,"minecraft:bone_meal":5,"minecraft:dark_oak_sapling":1},"minecraft:killed_by":{"minecraft:player":4,"minecraft:skeleton":1,"minecraft:spider":1},"minecraft:broken":{"minecraft:stone_pickaxe":11},"minecraft:crafted":{"minecraft:cobblestone_slab":912,"minecraft:spruce_planks":36,"minecraft:birch_planks":12,"minecraft:stone_axe":1,"minecraft:stick":84,"minecraft:stone_pickaxe":38,"minecraft:chest":1,"minecraft:stone_hoe":1},"minecraft:mined":{"minecraft:oak_sapling":1,"minecraft:dandelion":1,"minecraft:cave_vines_plant":1,"minecraft:grass_block":21,"minecraft:poppy":1,"minecraft:chest":2,"minecraft:cobblestone":1396,"minecraft:spruce_leaves":1,"minecraft:moss_block":3,"minecraft:cactus":1,"minecraft:spruce_sapling":1,"minecraft:birch_log":4,"minecraft:spruce_log":7,"minecraft:grass":22,"minecraft:cave_vines":1,"minecraft:cobblestone_slab":12,"minecraft:dark_oak_sapling":1,"minecraft:dripstone_block":2,"minecraft:dirt":41,"minecraft:azalea_leaves":1},"minecraft:killed":{"minecraft:spider":1,"minecraft:zombie":1},"minecraft:dropped":{"minecraft:stone_axe":1,"minecraft:cobblestone":213,"minecraft:lava_bucket":1,"minecraft:dirt":2,"minecraft:cobblestone_slab":132,"minecraft:ice":1,"minecraft:spruce_log":5,"minecraft:stone_pickaxe":7},"minecraft:picked_up":{"minecraft:birch_log":3,"minecraft:lilac":1,"minecraft:wooden_pickaxe":1,"minecraft:dirt":205,"minecraft:wheat_seeds":3,"minecraft:bucket":2,"minecraft:stone_pickaxe":30,"minecraft:cobblestone_slab":155,"minecraft:poppy":1,"minecraft:moss_block":3,"minecraft:chest":2,"minecraft:stone_hoe":2,"minecraft:oak_planks":4,"minecraft:dark_oak_sapling":1,"minecraft:stick":25,"minecraft:dandelion":1,"minecraft:torch":1,"minecraft:dripstone_block":4,"minecraft:spruce_sapling":5,"minecraft:spruce_log":6,"minecraft:spider_eye":2,"minecraft:cactus":2,"minecraft:rotten_flesh":2,"minecraft:stone_axe":2,"minecraft:baked_potato":4,"minecraft:oak_sapling":3,"minecraft:glow_berries":2,"minecraft:cobblestone":1046},"minecraft:custom":{"minecraft:mob_kills":2,"minecraft:interact_with_crafting_table":33,"minecraft:leave_game":1,"minecraft:time_since_death":3245,"minecraft:time_since_rest":3412,"minecraft:walk_one_cm":134427,"minecraft:sprint_one_cm":112949,"minecraft:damage_taken":1714,"minecraft:drop":21,"minecraft:damage_dealt":722,"minecraft:fly_one_cm":174809,"minecraft:open_chest":44,"minecraft:crouch_one_cm":108942,"minecraft:play_time":119406,"minecraft:sneak_time":19581,"minecraft:deaths":7,"minecraft:walk_under_water_one_cm":302,"minecraft:jump":792,"minecraft:walk_on_water_one_cm":5100,"minecraft:total_world_time":119406,"minecraft:fall_one_cm":4555}},"DataVersion":3463}