{"stats":{"minecraft:used":{"minecraft:iron_shovel":104,"minecraft:stone_sword":271,"minecraft:spruce_slab":2272,"minecraft:stone_shovel":436,"minecraft:ladder":5,"minecraft:chest":4,"minecraft:spruce_planks":1,"minecraft:stone_hoe":230,"minecraft:rotten_flesh":55,"minecraft:torch":3,"minecraft:dirt":359,"minecraft:carrot":1,"minecraft:obsidian":11,"minecraft:spruce_boat":1,"minecraft:iron_boots":1,"minecraft:golden_sword":14,"minecraft:bow":210,"minecraft:oak_sapling":16,"minecraft:furnace":2,"minecraft:potato":472,"minecraft:dark_oak_sapling":1,"minecraft:water_bucket":4,"minecraft:baked_potato":123,"minecraft:birch_planks":161,"minecraft:oak_planks":7,"minecraft:stone_pickaxe":4654,"minecraft:blackstone":12,"minecraft:wooden_pickaxe":8,"minecraft:cauldron":2,"minecraft:sugar_cane":13,"minecraft:fletching_table":9,"minecraft:cobblestone_slab":2120,"minecraft:crafting_table":1,"minecraft:smoker":9,"minecraft:oak_log":1,"minecraft:wooden_hoe":26,"minecraft:diamond_pickaxe":74,"minecraft:spruce_trapdoor":410,"minecraft:gravel":182,"minecraft:spruce_sapling":99,"minecraft:fire_charge":1,"minecraft:stone_axe":2079,"minecraft:potion":1,"minecraft:cobblestone":115,"minecraft:smithing_table":19,"minecraft:bucket":5,"minecraft:coarse_dirt":146,"minecraft:bone_meal":702,"minecraft:splash_potion":1},"minecraft:crafted":{"minecraft:coarse_dirt":144,"minecraft:oak_planks":72,"minecraft:cobblestone_slab":2412,"minecraft:stone_shovel":3,"minecraft:tripwire_hook":2,"minecraft:bone_meal":819,"minecraft:diamond_shovel":5,"minecraft:spruce_slab":1344,"minecraft:stone_pickaxe":142,"minecraft:chest":1,"minecraft:spruce_boat":2,"minecraft:stone_hoe":2,"minecraft:emerald":335,"minecraft:cauldron":1,"minecraft:spruce_planks":7756,"minecraft:baked_potato":250,"minecraft:smithing_table":1,"minecraft:fletching_table":8,"minecraft:bucket":1,"minecraft:birch_planks":268,"minecraft:stone_axe":93,"minecraft:air":0,"minecraft:spruce_trapdoor":538,"minecraft:diamond_pickaxe":2,"minecraft:charcoal":31,"minecraft:golden_apple":1,"minecraft:stick":10844,"minecraft:iron_ingot":6,"minecraft:stone_sword":2,"minecraft:iron_shovel":1,"minecraft:gold_ingot":126},"minecraft:custom":{"minecraft:mob_kills":3792,"minecraft:interact_with_crafting_table":117,"minecraft:leave_game":14,"minecraft:time_since_death":18678,"minecraft:climb_one_cm":46815,"minecraft:sprint_one_cm":1406885,"minecraft:walk_one_cm":1321169,"minecraft:drop":704,"minecraft:talked_to_villager":129,"minecraft:play_time":767041,"minecraft:sneak_time":63912,"minecraft:deaths":30,"minecraft:walk_under_water_one_cm":6006,"minecraft:boat_one_cm":4705,"minecraft:jump":7801,"minecraft:walk_on_water_one_cm":26196,"minecraft:total_world_time":767041,"minecraft:interact_with_furnace":12,"minecraft:traded_with_villager":509,"minecraft:sleep_in_bed":11,"minecraft:time_since_rest":18704,"minecraft:damage_taken":12942,"minecraft:damage_dealt":18820,"minecraft:swim_one_cm":1909,"minecraft:fly_one_cm":1742617,"minecraft:player_kills":1,"minecraft:open_chest":559,"minecraft:crouch_one_cm":297659,"minecraft:interact_with_smoker":43,"minecraft:fall_one_cm":124088},"minecraft:mined":{"minecraft:spruce_planks":6,"minecraft:white_bed":1,"minecraft:oak_sapling":2,"minecraft:farmland":84,"minecraft:spruce_trapdoor":8,"minecraft:cave_vines_plant":1,"minecraft:ladder":5,"minecraft:grass_block":30,"minecraft:spruce_leaves":17,"minecraft:composter":1,"minecraft:moss_block":3,"minecraft:spruce_sapling":1,"minecraft:furnace":2,"minecraft:carrots":6,"minecraft:fire":1,"minecraft:fletching_table":3,"minecraft:peony":1,"minecraft:potatoes":284,"minecraft:cave_vines":1,"minecraft:cobblestone_slab":182,"minecraft:azalea_leaves":1,"minecraft:spruce_slab":28,"minecraft:smithing_table":18,"minecraft:podzol":43,"minecraft:blackstone":12,"minecraft:smoker":9,"minecraft:dandelion":1,"minecraft:crafting_table":1,"minecraft:torch":4,"minecraft:poppy":1,"minecraft:chest":3,"minecraft:rose_bush":1,"minecraft:cobblestone":4238,"minecraft:oak_planks":7,"minecraft:sugar_cane":29,"minecraft:cauldron":1,"minecraft:pink_petals":1,"minecraft:birch_planks":41,"minecraft:cactus":1,"minecraft:coarse_dirt":2,"minecraft:birch_log":4,"minecraft:spruce_log":1782,"minecraft:birch_leaves":4,"minecraft:grass":22,"minecraft:oak_log":62,"minecraft:dark_oak_sapling":1,"minecraft:gravel":182,"minecraft:sunflower":1,"minecraft:dripstone_block":2,"minecraft:dirt":301,"minecraft:oak_leaves":9},"minecraft:dropped":{"minecraft:water_bucket":3,"minecraft:iron_ingot":2,"minecraft:oak_log":60,"minecraft:baked_potato":50,"minecraft:poisonous_potato":7,"minecraft:feather":2,"minecraft:cobblestone":2342,"minecraft:fletching_table":2,"minecraft:golden_apple":2,"minecraft:stick":114,"minecraft:lava_bucket":1,"minecraft:dirt":2,"minecraft:ice":1,"minecraft:torch":109,"minecraft:sugar":2,"minecraft:string":5,"minecraft:birch_log":1,"minecraft:spruce_sapling":9,"minecraft:gold_ingot":381,"minecraft:bone":20,"minecraft:stone_axe":92,"minecraft:music_disc_chirp":2,"minecraft:stone_sword":1,"minecraft:birch_sapling":18,"minecraft:composter":1,"minecraft:chicken":1,"minecraft:rotten_flesh":1636,"minecraft:oak_planks":8,"minecraft:diamond_shovel":4,"minecraft:poppy":1,"minecraft:cobblestone_slab":933,"minecraft:spruce_boat":3,"minecraft:gunpowder":32,"minecraft:spruce_trapdoor":146,"minecraft:spruce_planks":13,"minecraft:diamond_pickaxe":1,"minecraft:charcoal":28,"minecraft:oak_sapling":7,"minecraft:golden_sword":210,"minecraft:spider_eye":1,"minecraft:spruce_log":8,"minecraft:bow":8,"minecraft:arrow":209,"minecraft:stone_pickaxe":108},"minecraft:killed_by":{"minecraft:player":8,"minecraft:zombified_piglin":2,"minecraft:creeper":5,"minecraft:spider":1,"minecraft:skeleton":4,"minecraft:zombie":3},"minecraft:killed":{"minecraft:witch":4,"minecraft:zombified_piglin":13,"minecraft:spider":9,"minecraft:skeleton":245,"minecraft:chicken":1,"minecraft:magma_cube":9,"minecraft:piglin":1,"minecraft:zombie_villager":6,"minecraft:creeper":237,"minecraft:trader_llama":2,"minecraft:zombie":221,"minecraft:ghast":1,"minecraft:villager":2},"minecraft:broken":{"minecraft:stone_sword":2,"minecraft:stone_hoe":2,"minecraft:stone_pickaxe":36,"minecraft:golden_sword":2,"minecraft:stone_axe":16,"minecraft:wooden_hoe":1,"minecraft:bow":1,"minecraft:stone_shovel":3},"minecraft:picked_up":{"minecraft:charcoal":28,"minecraft:music_disc_strad":2,"minecraft:coarse_dirt":2,"minecraft:crafting_table":3,"minecraft:splash_potion":3,"minecraft:chicken":1,"minecraft:ladder":281,"minecraft:lead":2,"minecraft:smithing_table":18,"minecraft:wooden_pickaxe":1,"minecraft:potion":9,"minecraft:nether_brick":61,"minecraft:golden_sword":239,"minecraft:music_disc_cat":1,"minecraft:string":106,"minecraft:blackstone":280,"minecraft:gold_nugget":1754,"minecraft:bucket":4,"minecraft:spruce_planks":467,"minecraft:rose_bush":1,"minecraft:cobblestone_slab":1107,"minecraft:iron_nugget":62,"minecraft:poppy":2,"minecraft:spruce_slab":1024,"minecraft:sugar_cane":45,"minecraft:chest":3,"minecraft:birch_sapling":22,"minecraft:spruce_trapdoor":683,"minecraft:iron_boots":2,"minecraft:furnace":2,"minecraft:dark_oak_sapling":1,"minecraft:stick":361,"minecraft:music_disc_blocks":1,"minecraft:composter":1,"minecraft:torch":123,"minecraft:music_disc_mellohi":3,"minecraft:fire_charge":10,"minecraft:music_disc_11":2,"minecraft:music_disc_pigstep":1,"minecraft:carrot":23,"minecraft:cauldron":2,"minecraft:stone_sword":9,"minecraft:cactus":2,"minecraft:arrow":849,"minecraft:stone_shovel":2,"minecraft:rotten_flesh":2032,"minecraft:peony":1,"minecraft:gold_ingot":303,"minecraft:glow_berries":2,"minecraft:obsidian":8,"minecraft:cobblestone":4384,"minecraft:birch_log":4,"minecraft:pink_petals":4,"minecraft:feather":2,"minecraft:lilac":1,"minecraft:magma_cream":2,"minecraft:water_bucket":1,"minecraft:leather":25,"minecraft:music_disc_stal":1,"minecraft:smoker":9,"minecraft:potato":1057,"minecraft:birch_planks":181,"minecraft:flint":16,"minecraft:oak_log":62,"minecraft:gunpowder":415,"minecraft:dirt":613,"minecraft:bone":549,"minecraft:apple":6,"minecraft:bow":30,"minecraft:wheat_seeds":3,"minecraft:iron_ingot":15,"minecraft:stone_pickaxe":59,"minecraft:fletching_table":3,"minecraft:moss_block":3,"minecraft:stone_hoe":4,"minecraft:oak_planks":22,"minecraft:soul_sand":52,"minecraft:music_disc_chirp":6,"minecraft:quartz":41,"minecraft:dandelion":1,"minecraft:poisonous_potato":7,"minecraft:dripstone_block":4,"minecraft:gravel":254,"minecraft:spruce_sapling":152,"minecraft:white_bed":1,"minecraft:spruce_log":1848,"minecraft:crying_obsidian":26,"minecraft:spectral_arrow":74,"minecraft:spider_eye":11,"minecraft:music_disc_mall":1,"minecraft:diamond_shovel":4,"minecraft:sugar":2,"minecraft:spruce_boat":8,"minecraft:stone_axe":39,"minecraft:bone_meal":106,"minecraft:golden_apple":3,"minecraft:emerald":193,"minecraft:baked_potato":279,"minecraft:oak_sapling":42,"minecraft:netherrack":127,"minecraft:sunflower":1,"minecraft:diamond_pickaxe":3}},"DataVersion":3463}