{"stats":{"minecraft:used":{"minecraft:water_bucket":2,"minecraft:stone_pickaxe":2177,"minecraft:spruce_slab":1960,"minecraft:baked_potato":16,"minecraft:chest":3,"minecraft:wooden_pickaxe":8,"minecraft:cobblestone_slab":977,"minecraft:stone_hoe":24,"minecraft:rotten_flesh":2,"minecraft:dirt":41,"minecraft:carrot":1,"minecraft:spruce_trapdoor":66,"minecraft:spruce_sapling":19,"minecraft:stone_axe":409,"minecraft:cobblestone":9,"minecraft:bow":4,"minecraft:bucket":3,"minecraft:potato":92,"minecraft:bone_meal":165,"minecraft:dark_oak_sapling":1},"minecraft:crafted":{"minecraft:cobblestone_slab":948,"minecraft:spruce_planks":1376,"minecraft:baked_potato":33,"minecraft:bone_meal":267,"minecraft:birch_planks":12,"minecraft:stone_axe":5,"minecraft:air":0,"minecraft:spruce_trapdoor":274,"minecraft:charcoal":7,"minecraft:spruce_slab":1020,"minecraft:stick":92,"minecraft:stone_pickaxe":38,"minecraft:chest":1,"minecraft:stone_hoe":1},"minecraft:custom":{"minecraft:interact_with_furnace":2,"minecraft:mob_kills":24,"minecraft:interact_with_crafting_table":41,"minecraft:leave_game":3,"minecraft:time_since_death":25343,"minecraft:sleep_in_bed":1,"minecraft:climb_one_cm":17940,"minecraft:time_since_rest":7142,"minecraft:damage_taken":2848,"minecraft:sprint_one_cm":254867,"minecraft:walk_one_cm":419484,"minecraft:drop":52,"minecraft:damage_dealt":2351,"minecraft:swim_one_cm":130,"minecraft:talked_to_villager":2,"minecraft:fly_one_cm":389858,"minecraft:open_chest":129,"minecraft:crouch_one_cm":121626,"minecraft:play_time":221167,"minecraft:sneak_time":22972,"minecraft:deaths":9,"minecraft:walk_under_water_one_cm":1820,"minecraft:jump":1753,"minecraft:walk_on_water_one_cm":13178,"minecraft:total_world_time":221167,"minecraft:interact_with_smoker":12,"minecraft:fall_one_cm":19924},"minecraft:mined":{"minecraft:oak_sapling":1,"minecraft:dandelion":1,"minecraft:crafting_table":1,"minecraft:torch":1,"minecraft:cave_vines_plant":1,"minecraft:grass_block":30,"minecraft:poppy":1,"minecraft:chest":3,"minecraft:rose_bush":1,"minecraft:cobblestone":2104,"minecraft:spruce_leaves":4,"minecraft:moss_block":3,"minecraft:pink_petals":1,"minecraft:cactus":1,"minecraft:spruce_sapling":1,"minecraft:carrots":6,"minecraft:birch_log":4,"minecraft:spruce_log":371,"minecraft:birch_leaves":4,"minecraft:peony":1,"minecraft:grass":22,"minecraft:potatoes":51,"minecraft:cave_vines":1,"minecraft:cobblestone_slab":16,"minecraft:dark_oak_sapling":1,"minecraft:sunflower":1,"minecraft:dripstone_block":2,"minecraft:dirt":55,"minecraft:azalea_leaves":1,"minecraft:spruce_slab":20},"minecraft:dropped":{"minecraft:water_bucket":2,"minecraft:stone_axe":1,"minecraft:baked_potato":14,"minecraft:poisonous_potato":2,"minecraft:cobblestone":1057,"minecraft:rotten_flesh":11,"minecraft:lava_bucket":1,"minecraft:dirt":2,"minecraft:cobblestone_slab":178,"minecraft:ice":1,"minecraft:spruce_log":5,"minecraft:stone_pickaxe":11,"minecraft:string":5,"minecraft:spruce_sapling":1},"minecraft:killed_by":{"minecraft:player":4,"minecraft:skeleton":2,"minecraft:spider":1},"minecraft:killed":{"minecraft:spider":2,"minecraft:creeper":6,"minecraft:skeleton":8,"minecraft:trader_llama":2,"minecraft:zombie":6},"minecraft:broken":{"minecraft:stone_pickaxe":17,"minecraft:stone_axe":3},"minecraft:picked_up":{"minecraft:birch_log":3,"minecraft:pink_petals":4,"minecraft:crafting_table":2,"minecraft:lilac":1,"minecraft:leather":1,"minecraft:lead":2,"minecraft:wooden_pickaxe":1,"minecraft:potato":170,"minecraft:gunpowder":9,"minecraft:dirt":222,"minecraft:string":9,"minecraft:bone":9,"minecraft:wheat_seeds":3,"minecraft:bucket":3,"minecraft:spruce_planks":4,"minecraft:stone_pickaxe":49,"minecraft:rose_bush":1,"minecraft:cobblestone_slab":178,"minecraft:poppy":1,"minecraft:spruce_slab":940,"minecraft:moss_block":3,"minecraft:birch_sapling":1,"minecraft:chest":3,"minecraft:stone_hoe":2,"minecraft:oak_planks":4,"minecraft:spruce_trapdoor":486,"minecraft:dark_oak_sapling":1,"minecraft:music_disc_blocks":1,"minecraft:stick":74,"minecraft:torch":7,"minecraft:dandelion":1,"minecraft:poisonous_potato":2,"minecraft:dripstone_block":4,"minecraft:spruce_sapling":55,"minecraft:carrot":21,"minecraft:spruce_log":369,"minecraft:spider_eye":4,"minecraft:arrow":24,"minecraft:cactus":2,"minecraft:rotten_flesh":15,"minecraft:peony":1,"minecraft:stone_axe":5,"minecraft:baked_potato":23,"minecraft:oak_sapling":3,"minecraft:glow_berries":2,"minecraft:sunflower":1,"minecraft:cobblestone":1372}},"DataVersion":3463}