{"stats":{"minecraft:used":{"minecraft:water_bucket":1,"minecraft:stone_pickaxe":329,"minecraft:chest":1,"minecraft:wooden_pickaxe":8,"minecraft:cobblestone_slab":522,"minecraft:stone_hoe":24,"minecraft:rotten_flesh":2,"minecraft:dirt":41,"minecraft:carrot":1,"minecraft:spruce_sapling":3,"minecraft:stone_axe":15,"minecraft:cobblestone":2,"minecraft:potato":1,"minecraft:bone_meal":5,"minecraft:dark_oak_sapling":1},"minecraft:killed_by":{"minecraft:player":3,"minecraft:skeleton":1},"minecraft:broken":{"minecraft:stone_pickaxe":3},"minecraft:crafted":{"minecraft:cobblestone_slab":408,"minecraft:spruce_planks":4,"minecraft:birch_planks":12,"minecraft:stone_axe":1,"minecraft:stick":20,"minecraft:stone_pickaxe":7,"minecraft:chest":1,"minecraft:stone_hoe":1},"minecraft:mined":{"minecraft:oak_sapling":1,"minecraft:dandelion":1,"minecraft:cave_vines_plant":1,"minecraft:grass_block":21,"minecraft:poppy":1,"minecraft:cobblestone":310,"minecraft:spruce_leaves":1,"minecraft:moss_block":3,"minecraft:cactus":1,"minecraft:spruce_sapling":1,"minecraft:birch_log":4,"minecraft:spruce_log":7,"minecraft:grass":22,"minecraft:cave_vines":1,"minecraft:cobblestone_slab":12,"minecraft:dark_oak_sapling":1,"minecraft:dripstone_block":2,"minecraft:dirt":41,"minecraft:azalea_leaves":1},"minecraft:killed":{"minecraft:spider":1,"minecraft:zombie":1},"minecraft:dropped":{"minecraft:stone_axe":1,"minecraft:lava_bucket":1,"minecraft:cobblestone_slab":72,"minecraft:ice":1,"minecraft:spruce_log":5,"minecraft:stone_pickaxe":7},"minecraft:picked_up":{"minecraft:birch_log":3,"minecraft:lilac":1,"minecraft:wooden_pickaxe":1,"minecraft:dirt":203,"minecraft:wheat_seeds":3,"minecraft:bucket":2,"minecraft:stone_pickaxe":7,"minecraft:cobblestone_slab":155,"minecraft:poppy":1,"minecraft:moss_block":3,"minecraft:stone_hoe":2,"minecraft:oak_planks":4,"minecraft:dark_oak_sapling":1,"minecraft:stick":25,"minecraft:dandelion":1,"minecraft:torch":1,"minecraft:dripstone_block":4,"minecraft:spruce_sapling":4,"minecraft:spruce_log":6,"minecraft:spider_eye":2,"minecraft:cactus":2,"minecraft:rotten_flesh":2,"minecraft:stone_axe":2,"minecraft:oak_sapling":3,"minecraft:glow_berries":2,"minecraft:cobblestone":377},"minecraft:custom":{"minecraft:mob_kills":2,"minecraft:interact_with_crafting_table":28,"minecraft:leave_game":1,"minecraft:time_since_death":10949,"minecraft:time_since_rest":10973,"minecraft:walk_one_cm":94686,"minecraft:sprint_one_cm":56319,"minecraft:damage_taken":987,"minecraft:drop":14,"minecraft:damage_dealt":521,"minecraft:fly_one_cm":143583,"minecraft:open_chest":31,"minecraft:crouch_one_cm":62986,"minecraft:play_time":59406,"minecraft:sneak_time":13035,"minecraft:deaths":4,"minecraft:walk_under_water_one_cm":210,"minecraft:jump":674,"minecraft:walk_on_water_one_cm":3924,"minecraft:total_world_time":59406,"minecraft:fall_one_cm":3812}},"DataVersion":3463}