{"stats":{"minecraft:used":{"minecraft:water_bucket":2,"minecraft:spruce_slab":1960,"minecraft:stone_pickaxe":1796,"minecraft:baked_potato":9,"minecraft:chest":3,"minecraft:wooden_pickaxe":8,"minecraft:cobblestone_slab":968,"minecraft:stone_hoe":24,"minecraft:rotten_flesh":2,"minecraft:dirt":41,"minecraft:carrot":1,"minecraft:spruce_sapling":11,"minecraft:stone_axe":405,"minecraft:cobblestone":2,"minecraft:bow":4,"minecraft:bucket":3,"minecraft:potato":34,"minecraft:bone_meal":5,"minecraft:dark_oak_sapling":1},"minecraft:killed_by":{"minecraft:player":4,"minecraft:skeleton":2,"minecraft:spider":1},"minecraft:broken":{"minecraft:stone_pickaxe":14,"minecraft:stone_axe":2},"minecraft:crafted":{"minecraft:cobblestone_slab":912,"minecraft:spruce_planks":1376,"minecraft:baked_potato":30,"minecraft:birch_planks":12,"minecraft:stone_axe":5,"minecraft:air":0,"minecraft:spruce_trapdoor":274,"minecraft:charcoal":7,"minecraft:spruce_slab":1020,"minecraft:stick":92,"minecraft:stone_pickaxe":38,"minecraft:chest":1,"minecraft:stone_hoe":1},"minecraft:mined":{"minecraft:oak_sapling":1,"minecraft:dandelion":1,"minecraft:cave_vines_plant":1,"minecraft:grass_block":21,"minecraft:poppy":1,"minecraft:chest":2,"minecraft:cobblestone":1771,"minecraft:spruce_leaves":4,"minecraft:moss_block":3,"minecraft:cactus":1,"minecraft:spruce_sapling":1,"minecraft:birch_log":4,"minecraft:spruce_log":371,"minecraft:grass":22,"minecraft:potatoes":18,"minecraft:cave_vines":1,"minecraft:cobblestone_slab":14,"minecraft:dark_oak_sapling":1,"minecraft:dripstone_block":2,"minecraft:dirt":41,"minecraft:azalea_leaves":1,"minecraft:spruce_slab":20},"minecraft:killed":{"minecraft:spider":1,"minecraft:zombie":2},"minecraft:dropped":{"minecraft:water_bucket":2,"minecraft:stone_axe":1,"minecraft:baked_potato":14,"minecraft:poisonous_potato":2,"minecraft:cobblestone":993,"minecraft:rotten_flesh":1,"minecraft:lava_bucket":1,"minecraft:cobblestone_slab":148,"minecraft:dirt":2,"minecraft:ice":1,"minecraft:spruce_log":5,"minecraft:stone_pickaxe":11,"minecraft:spruce_sapling":1},"minecraft:picked_up":{"minecraft:birch_log":3,"minecraft:lilac":1,"minecraft:wooden_pickaxe":1,"minecraft:potato":63,"minecraft:dirt":205,"minecraft:wheat_seeds":3,"minecraft:bucket":3,"minecraft:spruce_planks":2,"minecraft:stone_pickaxe":41,"minecraft:cobblestone_slab":174,"minecraft:poppy":1,"minecraft:spruce_slab":940,"minecraft:moss_block":3,"minecraft:chest":2,"minecraft:oak_planks":4,"minecraft:stone_hoe":2,"minecraft:spruce_trapdoor":274,"minecraft:dark_oak_sapling":1,"minecraft:stick":61,"minecraft:torch":5,"minecraft:dandelion":1,"minecraft:poisonous_potato":2,"minecraft:dripstone_block":4,"minecraft:spruce_sapling":55,"minecraft:spruce_log":369,"minecraft:spider_eye":2,"minecraft:arrow":1,"minecraft:cactus":2,"minecraft:rotten_flesh":3,"minecraft:stone_axe":4,"minecraft:baked_potato":14,"minecraft:oak_sapling":3,"minecraft:glow_berries":2,"minecraft:cobblestone":1260},"minecraft:custom":{"minecraft:interact_with_furnace":1,"minecraft:mob_kills":3,"minecraft:interact_with_crafting_table":40,"minecraft:leave_game":2,"minecraft:time_since_death":2100,"minecraft:climb_one_cm":11244,"minecraft:time_since_rest":2132,"minecraft:sprint_one_cm":215198,"minecraft:damage_taken":2294,"minecraft:walk_one_cm":347344,"minecraft:drop":47,"minecraft:damage_dealt":932,"minecraft:talked_to_villager":1,"minecraft:fly_one_cm":326864,"minecraft:open_chest":101,"minecraft:crouch_one_cm":113127,"minecraft:play_time":191152,"minecraft:deaths":8,"minecraft:sneak_time":21029,"minecraft:walk_under_water_one_cm":1301,"minecraft:jump":1459,"minecraft:walk_on_water_one_cm":12846,"minecraft:interact_with_smoker":9,"minecraft:total_world_time":191152,"minecraft:fall_one_cm":10082}},"DataVersion":3463}