{"stats":{"minecraft:used":{"minecraft:stone_pickaxe":15,"minecraft:chest":1,"minecraft:wooden_pickaxe":8,"minecraft:spruce_sapling":2,"minecraft:cobblestone_slab":273,"minecraft:dirt":25,"minecraft:cobblestone":2,"minecraft:dark_oak_sapling":1},"minecraft:killed_by":{"minecraft:player":1},"minecraft:crafted":{"minecraft:cobblestone_slab":270,"minecraft:stick":12,"minecraft:stone_pickaxe":3,"minecraft:chest":1,"minecraft:birch_planks":12},"minecraft:mined":{"minecraft:cactus":1,"minecraft:oak_sapling":1,"minecraft:birch_log":4,"minecraft:dandelion":1,"minecraft:cave_vines_plant":1,"minecraft:grass":22,"minecraft:grass_block":21,"minecraft:cave_vines":1,"minecraft:poppy":1,"minecraft:cobblestone_slab":4,"minecraft:dark_oak_sapling":1,"minecraft:dripstone_block":1,"minecraft:dirt":40,"minecraft:cobblestone":5,"minecraft:azalea_leaves":1,"minecraft:moss_block":2},"minecraft:dropped":{"minecraft:lava_bucket":1,"minecraft:ice":1,"minecraft:stone_pickaxe":2},"minecraft:picked_up":{"minecraft:birch_log":3,"minecraft:dark_oak_sapling":1,"minecraft:lilac":1,"minecraft:torch":1,"minecraft:dandelion":1,"minecraft:wooden_pickaxe":1,"minecraft:dripstone_block":1,"minecraft:dirt":61,"minecraft:cactus":2,"minecraft:wheat_seeds":3,"minecraft:stone_pickaxe":1,"minecraft:cobblestone_slab":33,"minecraft:poppy":1,"minecraft:oak_sapling":3,"minecraft:moss_block":2,"minecraft:glow_berries":2,"minecraft:cobblestone":148},"minecraft:custom":{"minecraft:time_since_rest":12813,"minecraft:sprint_one_cm":21037,"minecraft:damage_taken":449,"minecraft:walk_one_cm":55273,"minecraft:drop":4,"minecraft:damage_dealt":209,"minecraft:interact_with_crafting_table":20,"minecraft:fly_one_cm":56848,"minecraft:open_chest":17,"minecraft:crouch_one_cm":35812,"minecraft:play_time":29406,"minecraft:deaths":1,"minecraft:sneak_time":8016,"minecraft:walk_under_water_one_cm":210,"minecraft:jump":358,"minecraft:leave_game":1,"minecraft:time_since_death":12787,"minecraft:walk_on_water_one_cm":3924,"minecraft:total_world_time":29406,"minecraft:fall_one_cm":1527}},"DataVersion":3463}