{"stats":{"minecraft:used":{"minecraft:water_bucket":1,"minecraft:spruce_slab":206,"minecraft:stone_pickaxe":1630,"minecraft:chest":3,"minecraft:wooden_pickaxe":8,"minecraft:cobblestone_slab":966,"minecraft:stone_hoe":24,"minecraft:rotten_flesh":2,"minecraft:dirt":41,"minecraft:carrot":1,"minecraft:spruce_sapling":3,"minecraft:stone_axe":174,"minecraft:cobblestone":2,"minecraft:potato":1,"minecraft:bone_meal":5,"minecraft:dark_oak_sapling":1},"minecraft:killed_by":{"minecraft:player":4,"minecraft:skeleton":1,"minecraft:spider":1},"minecraft:broken":{"minecraft:stone_pickaxe":13,"minecraft:stone_axe":1},"minecraft:crafted":{"minecraft:cobblestone_slab":912,"minecraft:spruce_planks":40,"minecraft:birch_planks":12,"minecraft:stone_axe":5,"minecraft:stick":92,"minecraft:stone_pickaxe":38,"minecraft:chest":1,"minecraft:stone_hoe":1},"minecraft:mined":{"minecraft:oak_sapling":1,"minecraft:dandelion":1,"minecraft:cave_vines_plant":1,"minecraft:grass_block":21,"minecraft:poppy":1,"minecraft:chest":2,"minecraft:cobblestone":1607,"minecraft:spruce_leaves":1,"minecraft:moss_block":3,"minecraft:cactus":1,"minecraft:spruce_sapling":1,"minecraft:birch_log":4,"minecraft:spruce_log":165,"minecraft:grass":22,"minecraft:cave_vines":1,"minecraft:cobblestone_slab":12,"minecraft:dark_oak_sapling":1,"minecraft:dripstone_block":2,"minecraft:dirt":41,"minecraft:azalea_leaves":1},"minecraft:killed":{"minecraft:spider":1,"minecraft:zombie":1},"minecraft:dropped":{"minecraft:stone_axe":1,"minecraft:cobblestone":888,"minecraft:lava_bucket":1,"minecraft:cobblestone_slab":132,"minecraft:dirt":2,"minecraft:ice":1,"minecraft:spruce_log":5,"minecraft:stone_pickaxe":11,"minecraft:spruce_sapling":1},"minecraft:picked_up":{"minecraft:birch_log":3,"minecraft:lilac":1,"minecraft:wooden_pickaxe":1,"minecraft:dirt":205,"minecraft:wheat_seeds":3,"minecraft:bucket":2,"minecraft:stone_pickaxe":33,"minecraft:cobblestone_slab":155,"minecraft:poppy":1,"minecraft:spruce_slab":920,"minecraft:moss_block":3,"minecraft:chest":2,"minecraft:oak_planks":4,"minecraft:stone_hoe":2,"minecraft:dark_oak_sapling":1,"minecraft:stick":34,"minecraft:torch":1,"minecraft:dandelion":1,"minecraft:dripstone_block":4,"minecraft:spruce_sapling":17,"minecraft:spruce_log":163,"minecraft:spider_eye":2,"minecraft:cactus":2,"minecraft:rotten_flesh":2,"minecraft:stone_axe":2,"minecraft:baked_potato":4,"minecraft:oak_sapling":3,"minecraft:glow_berries":2,"minecraft:cobblestone":1101},"minecraft:custom":{"minecraft:mob_kills":2,"minecraft:interact_with_crafting_table":35,"minecraft:leave_game":2,"minecraft:time_since_death":26991,"minecraft:time_since_rest":27158,"minecraft:sprint_one_cm":133479,"minecraft:damage_taken":1724,"minecraft:walk_one_cm":188482,"minecraft:drop":37,"minecraft:damage_dealt":722,"minecraft:talked_to_villager":1,"minecraft:fly_one_cm":204354,"minecraft:open_chest":65,"minecraft:crouch_one_cm":109589,"minecraft:play_time":143152,"minecraft:deaths":7,"minecraft:sneak_time":20084,"minecraft:walk_under_water_one_cm":341,"minecraft:jump":940,"minecraft:walk_on_water_one_cm":5756,"minecraft:total_world_time":143152,"minecraft:fall_one_cm":5726}},"DataVersion":3463}