{"stats":{"minecraft:picked_up":{"minecraft:cocoa_beans":1,"minecraft:crafting_table":1,"minecraft:lilac":2,"minecraft:wooden_pickaxe":1,"minecraft:potato":21,"minecraft:dirt":125,"minecraft:bone":2,"minecraft:kelp":3,"minecraft:wheat_seeds":4,"minecraft:small_dripleaf":1,"minecraft:spore_blossom":1,"minecraft:stone_pickaxe":10,"minecraft:cobblestone_slab":212,"minecraft:jungle_sapling":8,"minecraft:poppy":2,"minecraft:frogspawn":1,"minecraft:moss_block":4,"minecraft:stone_hoe":2,"minecraft:chest":3,"minecraft:birch_sapling":2,"minecraft:oak_planks":14,"minecraft:acacia_sapling":2,"minecraft:dark_oak_sapling":8,"minecraft:stick":13,"minecraft:glow_lichen":1,"minecraft:sweet_berries":1,"minecraft:big_dripleaf":1,"minecraft:torch":1,"minecraft:dandelion":2,"minecraft:dripstone_block":2,"minecraft:lava_bucket":1,"minecraft:spruce_sapling":22,"minecraft:soul_torch":3,"minecraft:spruce_log":173,"minecraft:dead_bush":1,"minecraft:vine":1,"minecraft:pumpkin_seeds":1,"minecraft:cactus":3,"minecraft:rotten_flesh":2,"minecraft:beetroot_seeds":1,"minecraft:cherry_sapling":2,"minecraft:baked_potato":1,"minecraft:oak_sapling":10,"minecraft:melon_seeds":1,"minecraft:mangrove_propagule":2,"minecraft:cobblestone":690,"minecraft:sunflower":1},"minecraft:killed_by":{"minecraft:player":1},"minecraft:dropped":{"minecraft:stone_hoe":2,"minecraft:kelp":1,"minecraft:baked_potato":2,"minecraft:rotten_flesh":2,"minecraft:cobblestone":31,"minecraft:oak_planks":7,"minecraft:carrot":1,"minecraft:lava_bucket":1,"minecraft:potato":1,"minecraft:dirt":34,"minecraft:cobblestone_slab":173,"minecraft:bone_meal":6,"minecraft:stone_pickaxe":8,"minecraft:spruce_sapling":1},"minecraft:mined":{"minecraft:podzol":1,"minecraft:large_amethyst_bud":1,"minecraft:dandelion":1,"minecraft:crafting_table":1,"minecraft:torch":1,"minecraft:short_grass":23,"minecraft:grass_block":25,"minecraft:poppy":1,"minecraft:chest":3,"minecraft:cobblestone":607,"minecraft:spruce_leaves":3,"minecraft:kelp":1,"minecraft:moss_block":2,"minecraft:sculk":2,"minecraft:cactus":1,"minecraft:spruce_sapling":2,"minecraft:spruce_log":179,"minecraft:potatoes":6,"minecraft:mycelium":1,"minecraft:oak_log":4,"minecraft:cobblestone_slab":159,"minecraft:sunflower":1,"minecraft:dripstone_block":1,"minecraft:dirt":85},"minecraft:killed":{"minecraft:creeper":2,"minecraft:zombie":1},"minecraft:crafted":{"minecraft:cobblestone_slab":1074,"minecraft:spruce_planks":272,"minecraft:baked_potato":6,"minecraft:furnace":1,"minecraft:bone_meal":6,"minecraft:stone_axe":2,"minecraft:air":0,"minecraft:spruce_slab":510,"minecraft:stone_pickaxe":5,"minecraft:stone_hoe":1,"minecraft:smoker":1},"minecraft:used":{"minecraft:water_bucket":1,"minecraft:spruce_slab":120,"minecraft:stone_pickaxe":753,"minecraft:baked_potato":3,"minecraft:mycelium":1,"minecraft:chest":3,"minecraft:wooden_pickaxe":44,"minecraft:cobblestone_slab":699,"minecraft:stone_hoe":49,"minecraft:torch":1,"minecraft:dirt":151,"minecraft:crafting_table":1,"minecraft:carrot":1,"minecraft:smoker":1,"minecraft:spruce_sapling":23,"minecraft:stone_axe":170,"minecraft:cobblestone":1,"minecraft:bucket":1,"minecraft:potato":7,"minecraft:kelp":1,"minecraft:bone_meal":21,"minecraft:soul_torch":2},"minecraft:custom":{"minecraft:interact_with_furnace":1,"minecraft:mob_kills":3,"minecraft:interact_with_crafting_table":21,"minecraft:leave_game":1,"minecraft:time_since_death":52104,"minecraft:time_since_rest":52129,"minecraft:walk_one_cm":278965,"minecraft:sprint_one_cm":88195,"minecraft:damage_taken":765,"minecraft:drop":52,"minecraft:damage_dealt":965,"minecraft:fly_one_cm":105191,"minecraft:open_chest":98,"minecraft:crouch_one_cm":87709,"minecraft:play_time":130641,"minecraft:deaths":3,"minecraft:sneak_time":24031,"minecraft:walk_under_water_one_cm":156,"minecraft:jump":550,"minecraft:walk_on_water_one_cm":3536,"minecraft:interact_with_smoker":8,"minecraft:total_world_time":130641,"minecraft:fall_one_cm":2700},"minecraft:broken":{"minecraft:stone_pickaxe":6,"minecraft:stone_axe":1,"minecraft:wooden_pickaxe":1}},"DataVersion":3839}