{"stats":{"minecraft:picked_up":{"minecraft:stick":4,"minecraft:crafting_table":1,"minecraft:lilac":1,"minecraft:dandelion":1,"minecraft:wooden_pickaxe":1,"minecraft:dripstone_block":1,"minecraft:soul_torch":1,"minecraft:spruce_sapling":1,"minecraft:dirt":52,"minecraft:cactus":3,"minecraft:wheat_seeds":1,"minecraft:stone_pickaxe":6,"minecraft:cobblestone_slab":111,"minecraft:poppy":1,"minecraft:oak_sapling":4,"minecraft:moss_block":2,"minecraft:chest":2,"minecraft:cobblestone":379,"minecraft:sunflower":1},"minecraft:dropped":{"minecraft:cobblestone_slab":34,"minecraft:dirt":1,"minecraft:cobblestone":31,"minecraft:stone_pickaxe":1},"minecraft:mined":{"minecraft:cactus":1,"minecraft:large_amethyst_bud":1,"minecraft:spruce_sapling":1,"minecraft:dandelion":1,"minecraft:crafting_table":1,"minecraft:short_grass":23,"minecraft:grass_block":25,"minecraft:oak_log":4,"minecraft:poppy":1,"minecraft:cobblestone_slab":7,"minecraft:chest":2,"minecraft:sunflower":1,"minecraft:dripstone_block":1,"minecraft:dirt":29,"minecraft:cobblestone":220,"minecraft:moss_block":2,"minecraft:sculk":2},"minecraft:used":{"minecraft:stone_pickaxe":187,"minecraft:wooden_pickaxe":44,"minecraft:spruce_sapling":3,"minecraft:cobblestone_slab":446,"minecraft:dirt":13,"minecraft:crafting_table":1},"minecraft:crafted":{"minecraft:cobblestone_slab":474,"minecraft:stone_pickaxe":1},"minecraft:custom":{"minecraft:time_since_rest":28192,"minecraft:sprint_one_cm":11038,"minecraft:damage_taken":510,"minecraft:walk_one_cm":30248,"minecraft:drop":4,"minecraft:damage_dealt":10,"minecraft:interact_with_crafting_table":7,"minecraft:fly_one_cm":31017,"minecraft:open_chest":30,"minecraft:crouch_one_cm":44570,"minecraft:play_time":58641,"minecraft:deaths":2,"minecraft:sneak_time":11158,"minecraft:walk_under_water_one_cm":156,"minecraft:jump":142,"minecraft:leave_game":1,"minecraft:time_since_death":28167,"minecraft:walk_on_water_one_cm":1473,"minecraft:total_world_time":58641,"minecraft:fall_one_cm":1320},"minecraft:broken":{"minecraft:stone_pickaxe":1,"minecraft:wooden_pickaxe":1}},"DataVersion":3839}