{"stats":{"minecraft:used":{"minecraft:water_bucket":2,"minecraft:stone_sword":99,"minecraft:stone_pickaxe":3947,"minecraft:spruce_slab":1960,"minecraft:baked_potato":24,"minecraft:chest":4,"minecraft:wooden_pickaxe":8,"minecraft:cobblestone_slab":1570,"minecraft:stone_hoe":24,"minecraft:rotten_flesh":2,"minecraft:dirt":53,"minecraft:crafting_table":1,"minecraft:carrot":1,"minecraft:obsidian":11,"minecraft:spruce_trapdoor":156,"minecraft:spruce_sapling":31,"minecraft:bow":4,"minecraft:cobblestone":68,"minecraft:stone_axe":419,"minecraft:bucket":3,"minecraft:potato":150,"minecraft:bone_meal":165,"minecraft:dark_oak_sapling":1},"minecraft:crafted":{"minecraft:cobblestone_slab":2118,"minecraft:spruce_planks":1424,"minecraft:baked_potato":66,"minecraft:bone_meal":267,"minecraft:birch_planks":12,"minecraft:stone_axe":11,"minecraft:air":0,"minecraft:spruce_trapdoor":284,"minecraft:charcoal":7,"minecraft:stick":108,"minecraft:spruce_slab":1020,"minecraft:stone_pickaxe":38,"minecraft:stone_sword":1,"minecraft:chest":1,"minecraft:spruce_boat":2,"minecraft:stone_hoe":1},"minecraft:custom":{"minecraft:interact_with_furnace":2,"minecraft:mob_kills":225,"minecraft:interact_with_crafting_table":54,"minecraft:leave_game":4,"minecraft:time_since_death":7557,"minecraft:sleep_in_bed":2,"minecraft:climb_one_cm":28346,"minecraft:time_since_rest":7579,"minecraft:damage_taken":3302,"minecraft:walk_one_cm":513900,"minecraft:sprint_one_cm":340147,"minecraft:drop":94,"minecraft:damage_dealt":6034,"minecraft:swim_one_cm":224,"minecraft:fly_one_cm":555919,"minecraft:talked_to_villager":2,"minecraft:open_chest":180,"minecraft:play_time":344234,"minecraft:crouch_one_cm":177954,"minecraft:sneak_time":32666,"minecraft:deaths":10,"minecraft:walk_under_water_one_cm":4518,"minecraft:jump":2408,"minecraft:walk_on_water_one_cm":14535,"minecraft:total_world_time":344234,"minecraft:interact_with_smoker":16,"minecraft:fall_one_cm":32602},"minecraft:mined":{"minecraft:oak_sapling":1,"minecraft:dandelion":1,"minecraft:spruce_trapdoor":2,"minecraft:crafting_table":1,"minecraft:torch":1,"minecraft:cave_vines_plant":1,"minecraft:grass_block":30,"minecraft:poppy":1,"minecraft:chest":3,"minecraft:rose_bush":1,"minecraft:cobblestone":3763,"minecraft:spruce_leaves":5,"minecraft:moss_block":3,"minecraft:pink_petals":1,"minecraft:cactus":1,"minecraft:spruce_sapling":1,"minecraft:carrots":6,"minecraft:birch_log":4,"minecraft:spruce_log":384,"minecraft:birch_leaves":4,"minecraft:peony":1,"minecraft:grass":22,"minecraft:potatoes":109,"minecraft:cave_vines":1,"minecraft:cobblestone_slab":35,"minecraft:dark_oak_sapling":1,"minecraft:sunflower":1,"minecraft:dripstone_block":2,"minecraft:dirt":55,"minecraft:azalea_leaves":1,"minecraft:spruce_slab":20},"minecraft:dropped":{"minecraft:water_bucket":2,"minecraft:stone_axe":1,"minecraft:music_disc_chirp":1,"minecraft:baked_potato":33,"minecraft:birch_sapling":2,"minecraft:poisonous_potato":2,"minecraft:cobblestone":2259,"minecraft:rotten_flesh":101,"minecraft:lava_bucket":1,"minecraft:dirt":2,"minecraft:cobblestone_slab":688,"minecraft:spruce_boat":3,"minecraft:ice":1,"minecraft:spruce_trapdoor":146,"minecraft:spruce_log":5,"minecraft:stone_pickaxe":11,"minecraft:string":5,"minecraft:spruce_sapling":1},"minecraft:killed_by":{"minecraft:player":4,"minecraft:skeleton":2,"minecraft:spider":1},"minecraft:killed":{"minecraft:witch":1,"minecraft:spider":2,"minecraft:creeper":85,"minecraft:skeleton":78,"minecraft:trader_llama":2,"minecraft:zombie":57},"minecraft:broken":{"minecraft:stone_pickaxe":31,"minecraft:stone_axe":3},"minecraft:picked_up":{"minecraft:birch_log":3,"minecraft:pink_petals":4,"minecraft:crafting_table":3,"minecraft:lilac":1,"minecraft:leather":1,"minecraft:lead":2,"minecraft:wooden_pickaxe":1,"minecraft:potato":390,"minecraft:gunpowder":181,"minecraft:string":57,"minecraft:music_disc_cat":1,"minecraft:dirt":231,"minecraft:bone":189,"minecraft:bow":8,"minecraft:wheat_seeds":3,"minecraft:bucket":3,"minecraft:spruce_planks":4,"minecraft:iron_ingot":1,"minecraft:stone_pickaxe":50,"minecraft:rose_bush":1,"minecraft:cobblestone_slab":352,"minecraft:poppy":1,"minecraft:spruce_slab":940,"minecraft:moss_block":3,"minecraft:stone_hoe":2,"minecraft:chest":3,"minecraft:birch_sapling":2,"minecraft:oak_planks":4,"minecraft:spruce_trapdoor":571,"minecraft:music_disc_chirp":2,"minecraft:dark_oak_sapling":1,"minecraft:stick":75,"minecraft:music_disc_blocks":1,"minecraft:dandelion":1,"minecraft:torch":7,"minecraft:music_disc_mellohi":2,"minecraft:poisonous_potato":2,"minecraft:dripstone_block":4,"minecraft:spruce_sapling":55,"minecraft:music_disc_11":2,"minecraft:spruce_log":382,"minecraft:carrot":21,"minecraft:spider_eye":4,"minecraft:stone_sword":1,"minecraft:music_disc_mall":1,"minecraft:arrow":157,"minecraft:cactus":2,"minecraft:rotten_flesh":233,"minecraft:spruce_boat":1,"minecraft:stone_axe":5,"minecraft:peony":1,"minecraft:baked_potato":61,"minecraft:oak_sapling":3,"minecraft:obsidian":1,"minecraft:glow_berries":2,"minecraft:cobblestone":3402,"minecraft:sunflower":1}},"DataVersion":3463}