{"stats":{"minecraft:used":{"minecraft:stone_sword":241,"minecraft:spruce_slab":1960,"minecraft:stone_shovel":382,"minecraft:ladder":5,"minecraft:chest":4,"minecraft:stone_hoe":24,"minecraft:rotten_flesh":31,"minecraft:torch":2,"minecraft:dirt":265,"minecraft:carrot":1,"minecraft:obsidian":11,"minecraft:spruce_boat":1,"minecraft:iron_boots":1,"minecraft:golden_sword":13,"minecraft:bow":176,"minecraft:oak_sapling":16,"minecraft:potato":150,"minecraft:dark_oak_sapling":1,"minecraft:water_bucket":2,"minecraft:birch_planks":161,"minecraft:stone_pickaxe":4617,"minecraft:baked_potato":110,"minecraft:oak_planks":7,"minecraft:blackstone":12,"minecraft:wooden_pickaxe":8,"minecraft:cauldron":1,"minecraft:cobblestone_slab":2094,"minecraft:sugar_cane":12,"minecraft:fletching_table":9,"minecraft:crafting_table":1,"minecraft:oak_log":1,"minecraft:spruce_trapdoor":394,"minecraft:spruce_sapling":99,"minecraft:gravel":182,"minecraft:stone_axe":1916,"minecraft:fire_charge":1,"minecraft:cobblestone":100,"minecraft:potion":1,"minecraft:smithing_table":19,"minecraft:bucket":3,"minecraft:bone_meal":291,"minecraft:splash_potion":1},"minecraft:crafted":{"minecraft:oak_planks":68,"minecraft:stone_shovel":3,"minecraft:cobblestone_slab":2262,"minecraft:bone_meal":387,"minecraft:diamond_shovel":5,"minecraft:spruce_slab":1020,"minecraft:stone_pickaxe":134,"minecraft:chest":1,"minecraft:spruce_boat":2,"minecraft:stone_hoe":1,"minecraft:emerald":272,"minecraft:cauldron":1,"minecraft:spruce_planks":6384,"minecraft:baked_potato":190,"minecraft:smithing_table":1,"minecraft:fletching_table":8,"minecraft:birch_planks":268,"minecraft:stone_axe":93,"minecraft:air":0,"minecraft:spruce_trapdoor":518,"minecraft:diamond_pickaxe":1,"minecraft:charcoal":7,"minecraft:golden_apple":1,"minecraft:stick":8884,"minecraft:iron_ingot":6,"minecraft:stone_sword":2,"minecraft:iron_shovel":1,"minecraft:gold_ingot":126},"minecraft:custom":{"minecraft:mob_kills":2760,"minecraft:interact_with_crafting_table":105,"minecraft:leave_game":13,"minecraft:time_since_death":168289,"minecraft:climb_one_cm":46815,"minecraft:sprint_one_cm":1076159,"minecraft:walk_one_cm":1044047,"minecraft:drop":561,"minecraft:talked_to_villager":121,"minecraft:play_time":667833,"minecraft:sneak_time":53843,"minecraft:deaths":27,"minecraft:walk_under_water_one_cm":6006,"minecraft:boat_one_cm":4705,"minecraft:jump":6614,"minecraft:walk_on_water_one_cm":25462,"minecraft:total_world_time":667833,"minecraft:interact_with_furnace":6,"minecraft:traded_with_villager":445,"minecraft:sleep_in_bed":11,"minecraft:time_since_rest":14234,"minecraft:damage_taken":11625,"minecraft:damage_dealt":14730,"minecraft:swim_one_cm":1909,"minecraft:fly_one_cm":1443272,"minecraft:player_kills":1,"minecraft:open_chest":428,"minecraft:crouch_one_cm":264810,"minecraft:interact_with_smoker":32,"minecraft:fall_one_cm":105231},"minecraft:mined":{"minecraft:spruce_planks":5,"minecraft:white_bed":1,"minecraft:oak_sapling":2,"minecraft:farmland":81,"minecraft:spruce_trapdoor":8,"minecraft:cave_vines_plant":1,"minecraft:ladder":5,"minecraft:grass_block":30,"minecraft:spruce_leaves":17,"minecraft:moss_block":3,"minecraft:composter":1,"minecraft:spruce_sapling":1,"minecraft:carrots":6,"minecraft:fire":1,"minecraft:fletching_table":3,"minecraft:peony":1,"minecraft:potatoes":122,"minecraft:cave_vines":1,"minecraft:cobblestone_slab":157,"minecraft:azalea_leaves":1,"minecraft:spruce_slab":20,"minecraft:smithing_table":18,"minecraft:podzol":42,"minecraft:blackstone":12,"minecraft:dandelion":1,"minecraft:crafting_table":1,"minecraft:torch":3,"minecraft:poppy":1,"minecraft:chest":3,"minecraft:rose_bush":1,"minecraft:cobblestone":4230,"minecraft:oak_planks":7,"minecraft:sugar_cane":12,"minecraft:pink_petals":1,"minecraft:birch_planks":41,"minecraft:cactus":1,"minecraft:birch_log":4,"minecraft:spruce_log":1661,"minecraft:birch_leaves":4,"minecraft:grass":22,"minecraft:oak_log":62,"minecraft:dark_oak_sapling":1,"minecraft:sunflower":1,"minecraft:gravel":182,"minecraft:dripstone_block":2,"minecraft:dirt":138,"minecraft:oak_leaves":9},"minecraft:dropped":{"minecraft:water_bucket":3,"minecraft:iron_ingot":2,"minecraft:oak_log":60,"minecraft:baked_potato":50,"minecraft:poisonous_potato":4,"minecraft:cobblestone":2315,"minecraft:fletching_table":2,"minecraft:golden_apple":2,"minecraft:stick":114,"minecraft:lava_bucket":1,"minecraft:dirt":2,"minecraft:ice":1,"minecraft:torch":108,"minecraft:string":5,"minecraft:birch_log":1,"minecraft:spruce_sapling":9,"minecraft:gold_ingot":381,"minecraft:bone":20,"minecraft:stone_axe":92,"minecraft:music_disc_chirp":1,"minecraft:birch_sapling":18,"minecraft:composter":1,"minecraft:rotten_flesh":1336,"minecraft:oak_planks":1,"minecraft:diamond_shovel":4,"minecraft:cobblestone_slab":837,"minecraft:spruce_boat":3,"minecraft:gunpowder":32,"minecraft:spruce_trapdoor":146,"minecraft:charcoal":28,"minecraft:oak_sapling":7,"minecraft:golden_sword":171,"minecraft:spider_eye":1,"minecraft:spruce_log":8,"minecraft:stone_pickaxe":99,"minecraft:bow":1,"minecraft:arrow":104},"minecraft:killed_by":{"minecraft:player":8,"minecraft:zombified_piglin":1,"minecraft:creeper":4,"minecraft:spider":1,"minecraft:skeleton":4,"minecraft:zombie":2},"minecraft:killed":{"minecraft:witch":3,"minecraft:zombified_piglin":12,"minecraft:spider":9,"minecraft:skeleton":189,"minecraft:magma_cube":9,"minecraft:piglin":1,"minecraft:zombie_villager":3,"minecraft:creeper":206,"minecraft:trader_llama":2,"minecraft:zombie":162,"minecraft:ghast":1},"minecraft:broken":{"minecraft:stone_sword":2,"minecraft:stone_pickaxe":36,"minecraft:golden_sword":2,"minecraft:stone_axe":14,"minecraft:bow":1,"minecraft:stone_shovel":2},"minecraft:picked_up":{"minecraft:charcoal":28,"minecraft:crafting_table":3,"minecraft:music_disc_strad":2,"minecraft:splash_potion":3,"minecraft:ladder":281,"minecraft:smithing_table":18,"minecraft:lead":2,"minecraft:wooden_pickaxe":1,"minecraft:potion":9,"minecraft:nether_brick":61,"minecraft:golden_sword":198,"minecraft:music_disc_cat":1,"minecraft:string":100,"minecraft:blackstone":175,"minecraft:gold_nugget":1190,"minecraft:bucket":3,"minecraft:spruce_planks":14,"minecraft:rose_bush":1,"minecraft:cobblestone_slab":1080,"minecraft:iron_nugget":62,"minecraft:poppy":1,"minecraft:spruce_slab":940,"minecraft:sugar_cane":12,"minecraft:chest":3,"minecraft:birch_sapling":22,"minecraft:spruce_trapdoor":679,"minecraft:iron_boots":1,"minecraft:dark_oak_sapling":1,"minecraft:stick":330,"minecraft:music_disc_blocks":1,"minecraft:composter":1,"minecraft:torch":121,"minecraft:music_disc_mellohi":3,"minecraft:fire_charge":10,"minecraft:music_disc_11":2,"minecraft:music_disc_pigstep":1,"minecraft:carrot":21,"minecraft:stone_sword":4,"minecraft:arrow":426,"minecraft:cactus":2,"minecraft:stone_shovel":2,"minecraft:rotten_flesh":1686,"minecraft:peony":1,"minecraft:gold_ingot":279,"minecraft:glow_berries":2,"minecraft:obsidian":8,"minecraft:cobblestone":3995,"minecraft:birch_log":4,"minecraft:pink_petals":4,"minecraft:lilac":1,"minecraft:magma_cream":2,"minecraft:water_bucket":1,"minecraft:leather":25,"minecraft:music_disc_stal":1,"minecraft:potato":453,"minecraft:birch_planks":181,"minecraft:flint":16,"minecraft:oak_log":62,"minecraft:gunpowder":376,"minecraft:dirt":433,"minecraft:bone":446,"minecraft:apple":6,"minecraft:bow":17,"minecraft:wheat_seeds":3,"minecraft:iron_ingot":4,"minecraft:stone_pickaxe":58,"minecraft:fletching_table":3,"minecraft:moss_block":3,"minecraft:stone_hoe":2,"minecraft:oak_planks":15,"minecraft:soul_sand":52,"minecraft:music_disc_chirp":5,"minecraft:quartz":41,"minecraft:dandelion":1,"minecraft:poisonous_potato":4,"minecraft:dripstone_block":4,"minecraft:gravel":254,"minecraft:spruce_sapling":149,"minecraft:white_bed":1,"minecraft:spruce_log":1727,"minecraft:crying_obsidian":26,"minecraft:spectral_arrow":74,"minecraft:spider_eye":11,"minecraft:diamond_shovel":1,"minecraft:music_disc_mall":1,"minecraft:spruce_boat":8,"minecraft:stone_axe":38,"minecraft:golden_apple":3,"minecraft:emerald":1,"minecraft:baked_potato":244,"minecraft:oak_sapling":41,"minecraft:netherrack":127,"minecraft:sunflower":1}},"DataVersion":3463}