{"stats":{"minecraft:picked_up":{"minecraft:stick":2,"minecraft:crafting_table":1,"minecraft:lilac":1,"minecraft:dandelion":1,"minecraft:wooden_pickaxe":1,"minecraft:dripstone_block":1,"minecraft:spruce_sapling":1,"minecraft:dirt":38,"minecraft:wheat_seeds":1,"minecraft:stone_pickaxe":1,"minecraft:cobblestone_slab":103,"minecraft:poppy":1,"minecraft:oak_sapling":4,"minecraft:moss_block":2,"minecraft:cobblestone":271,"minecraft:sunflower":1},"minecraft:dropped":{"minecraft:cobblestone_slab":34,"minecraft:dirt":1,"minecraft:cobblestone":31,"minecraft:stone_pickaxe":1},"minecraft:mined":{"minecraft:spruce_sapling":1,"minecraft:dandelion":1,"minecraft:crafting_table":1,"minecraft:short_grass":23,"minecraft:grass_block":20,"minecraft:oak_log":4,"minecraft:poppy":1,"minecraft:cobblestone_slab":3,"minecraft:sunflower":1,"minecraft:dripstone_block":1,"minecraft:dirt":19,"minecraft:cobblestone":79,"minecraft:moss_block":2},"minecraft:used":{"minecraft:stone_pickaxe":40,"minecraft:wooden_pickaxe":44,"minecraft:spruce_sapling":3,"minecraft:cobblestone_slab":183,"minecraft:dirt":9,"minecraft:crafting_table":1},"minecraft:crafted":{"minecraft:cobblestone_slab":474,"minecraft:stone_pickaxe":1},"minecraft:broken":{"minecraft:wooden_pickaxe":1},"minecraft:custom":{"minecraft:time_since_rest":16192,"minecraft:sprint_one_cm":4348,"minecraft:damage_taken":500,"minecraft:walk_one_cm":17165,"minecraft:drop":4,"minecraft:damage_dealt":10,"minecraft:interact_with_crafting_table":6,"minecraft:fly_one_cm":19822,"minecraft:open_chest":23,"minecraft:crouch_one_cm":22461,"minecraft:play_time":46641,"minecraft:deaths":2,"minecraft:sneak_time":6877,"minecraft:walk_under_water_one_cm":156,"minecraft:jump":83,"minecraft:leave_game":1,"minecraft:time_since_death":16167,"minecraft:walk_on_water_one_cm":1427,"minecraft:total_world_time":46641,"minecraft:fall_one_cm":687}},"DataVersion":3839}