{"stats":{"minecraft:picked_up":{"minecraft:wheat_seeds":1,"minecraft:dandelion":1,"minecraft:poppy":1,"minecraft:dirt":1},"minecraft:dropped":{"minecraft:dirt":1},"minecraft:mined":{"minecraft:grass_block":1,"minecraft:short_grass":23,"minecraft:oak_log":4,"minecraft:poppy":1,"minecraft:dandelion":1},"minecraft:custom":{"minecraft:time_since_rest":3873,"minecraft:open_chest":4,"minecraft:walk_one_cm":4283,"minecraft:crouch_one_cm":2970,"minecraft:damage_taken":250,"minecraft:play_time":4641,"minecraft:sprint_one_cm":269,"minecraft:deaths":1,"minecraft:sneak_time":1461,"minecraft:drop":1,"minecraft:jump":6,"minecraft:damage_dealt":10,"minecraft:leave_game":1,"minecraft:time_since_death":3846,"minecraft:total_world_time":4641,"minecraft:fly_one_cm":40}},"DataVersion":3839}