{"stats":{"minecraft:picked_up":{"minecraft:charcoal":60,"minecraft:cocoa_beans":1,"minecraft:crafting_table":1,"minecraft:lilac":2,"minecraft:wooden_pickaxe":1,"minecraft:potato":46,"minecraft:string":8,"minecraft:dirt":135,"minecraft:podzol":3,"minecraft:bone":3,"minecraft:kelp":3,"minecraft:wheat_seeds":4,"minecraft:small_dripleaf":1,"minecraft:bucket":2,"minecraft:spruce_planks":291,"minecraft:spore_blossom":1,"minecraft:stone_pickaxe":12,"minecraft:cobblestone_slab":493,"minecraft:jungle_sapling":8,"minecraft:poppy":2,"minecraft:frogspawn":1,"minecraft:spruce_slab":351,"minecraft:moss_block":4,"minecraft:stone_hoe":3,"minecraft:chest":3,"minecraft:birch_sapling":2,"minecraft:oak_planks":14,"minecraft:acacia_sapling":2,"minecraft:phantom_membrane":2,"minecraft:dark_oak_sapling":8,"minecraft:stick":23,"minecraft:glow_lichen":1,"minecraft:sweet_berries":1,"minecraft:big_dripleaf":1,"minecraft:torch":22,"minecraft:dandelion":2,"minecraft:poisonous_potato":1,"minecraft:dripstone_block":2,"minecraft:lava_bucket":1,"minecraft:soul_torch":3,"minecraft:spruce_sapling":30,"minecraft:dead_bush":1,"minecraft:spruce_log":214,"minecraft:vine":1,"minecraft:spider_eye":4,"minecraft:stone_shovel":1,"minecraft:arrow":2,"minecraft:pumpkin_seeds":1,"minecraft:cactus":3,"minecraft:rotten_flesh":2,"minecraft:stone_axe":1,"minecraft:beetroot_seeds":1,"minecraft:cherry_sapling":2,"minecraft:baked_potato":1,"minecraft:oak_sapling":10,"minecraft:melon_seeds":1,"minecraft:mangrove_propagule":2,"minecraft:sunflower":1,"minecraft:cobblestone":741,"minecraft:ender_pearl":1},"minecraft:killed_by":{"minecraft:player":1,"minecraft:phantom":1},"minecraft:dropped":{"minecraft:stone_hoe":2,"minecraft:kelp":1,"minecraft:baked_potato":11,"minecraft:stone_shovel":1,"minecraft:poisonous_potato":1,"minecraft:cobblestone":77,"minecraft:rotten_flesh":2,"minecraft:oak_planks":7,"minecraft:carrot":1,"minecraft:lava_bucket":2,"minecraft:dirt":34,"minecraft:potato":1,"minecraft:cobblestone_slab":312,"minecraft:torch":20,"minecraft:spruce_planks":99,"minecraft:spider_eye":1,"minecraft:bone_meal":6,"minecraft:podzol":2,"minecraft:stone_pickaxe":12,"minecraft:spruce_sapling":1},"minecraft:mined":{"minecraft:podzol":1,"minecraft:large_amethyst_bud":1,"minecraft:dandelion":1,"minecraft:crafting_table":1,"minecraft:torch":1,"minecraft:short_grass":23,"minecraft:grass_block":25,"minecraft:poppy":1,"minecraft:chest":3,"minecraft:cobblestone":618,"minecraft:kelp":1,"minecraft:spruce_leaves":3,"minecraft:moss_block":2,"minecraft:sculk":2,"minecraft:cactus":1,"minecraft:spruce_sapling":2,"minecraft:spruce_log":220,"minecraft:potatoes":13,"minecraft:mycelium":1,"minecraft:oak_log":4,"minecraft:cobblestone_slab":617,"minecraft:sunflower":1,"minecraft:dripstone_block":1,"minecraft:dirt":85,"minecraft:spruce_slab":53},"minecraft:killed":{"minecraft:spider":3,"minecraft:creeper":3,"minecraft:phantom":2,"minecraft:zombie":1,"minecraft:enderman":1},"minecraft:crafted":{"minecraft:cobblestone_slab":1074,"minecraft:spruce_planks":816,"minecraft:baked_potato":28,"minecraft:furnace":1,"minecraft:bone_meal":9,"minecraft:stone_axe":2,"minecraft:air":0,"minecraft:charcoal":60,"minecraft:stick":12,"minecraft:spruce_slab":1968,"minecraft:stone_pickaxe":11,"minecraft:stone_hoe":1,"minecraft:smoker":1},"minecraft:used":{"minecraft:water_bucket":2,"minecraft:stone_pickaxe":1223,"minecraft:spruce_slab":1841,"minecraft:baked_potato":15,"minecraft:mycelium":1,"minecraft:chest":3,"minecraft:wooden_pickaxe":44,"minecraft:cobblestone_slab":714,"minecraft:stone_hoe":49,"minecraft:torch":2,"minecraft:dirt":151,"minecraft:crafting_table":1,"minecraft:carrot":1,"minecraft:smoker":1,"minecraft:spruce_sapling":23,"minecraft:stone_axe":287,"minecraft:cobblestone":14,"minecraft:bucket":4,"minecraft:bone_meal":24,"minecraft:kelp":1,"minecraft:potato":17,"minecraft:soul_torch":2},"minecraft:custom":{"minecraft:interact_with_furnace":8,"minecraft:mob_kills":10,"minecraft:interact_with_crafting_table":27,"minecraft:leave_game":2,"minecraft:time_since_death":21734,"minecraft:time_since_rest":21767,"minecraft:damage_taken":1451,"minecraft:walk_one_cm":560761,"minecraft:sprint_one_cm":205046,"minecraft:drop":78,"minecraft:damage_dealt":2784,"minecraft:fly_one_cm":268813,"minecraft:player_kills":1,"minecraft:open_chest":109,"minecraft:play_time":202048,"minecraft:crouch_one_cm":123808,"minecraft:deaths":4,"minecraft:sneak_time":33930,"minecraft:walk_under_water_one_cm":335,"minecraft:jump":1191,"minecraft:walk_on_water_one_cm":4133,"minecraft:total_world_time":202048,"minecraft:interact_with_smoker":20,"minecraft:fall_one_cm":3863},"minecraft:broken":{"minecraft:stone_pickaxe":9,"minecraft:stone_axe":1,"minecraft:wooden_pickaxe":1}},"DataVersion":3839}