{"stats":{"minecraft:used":{"minecraft:stone_sword":90,"minecraft:stone_pickaxe":1316,"minecraft:baked_potato":3,"minecraft:torch":1,"minecraft:golden_sword":10},"minecraft:crafted":{"minecraft:stone_sword":9},"minecraft:custom":{"minecraft:time_since_rest":61130,"minecraft:sprint_one_cm":14328,"minecraft:damage_taken":150,"minecraft:walk_one_cm":9045,"minecraft:mob_kills":60,"minecraft:drop":2,"minecraft:damage_dealt":2095,"minecraft:talked_to_villager":1,"minecraft:swim_one_cm":1759,"minecraft:interact_with_crafting_table":2,"minecraft:fly_one_cm":30425,"minecraft:open_chest":17,"minecraft:crouch_one_cm":1065,"minecraft:play_time":61130,"minecraft:sneak_time":144,"minecraft:walk_under_water_one_cm":1080,"minecraft:jump":130,"minecraft:walk_on_water_one_cm":1532,"minecraft:time_since_death":61130,"minecraft:total_world_time":61130,"minecraft:fall_one_cm":4448},"minecraft:mined":{"minecraft:torch":1,"minecraft:cobblestone":1312},"minecraft:dropped":{"minecraft:cobblestone":97},"minecraft:killed":{"minecraft:skeleton":19,"minecraft:trader_llama":2,"minecraft:zombie":23,"minecraft:spider":2,"minecraft:wandering_trader":1,"minecraft:villager":1,"minecraft:creeper":12},"minecraft:broken":{"minecraft:stone_pickaxe":10},"minecraft:picked_up":{"minecraft:stick":17,"minecraft:leather":2,"minecraft:torch":1,"minecraft:lead":2,"minecraft:gunpowder":8,"minecraft:string":4,"minecraft:bone":13,"minecraft:arrow":9,"minecraft:rotten_flesh":4,"minecraft:stone_pickaxe":14,"minecraft:baked_potato":3,"minecraft:cobblestone":990}},"DataVersion":3463}