{"stats":{"minecraft:used":{"minecraft:stone_sword":2254,"minecraft:stone_pickaxe":1723,"minecraft:baked_potato":3,"minecraft:cobblestone_slab":5,"minecraft:rotten_flesh":6,"minecraft:torch":1,"minecraft:golden_sword":10,"minecraft:cobblestone":5,"minecraft:cooked_beef":3},"minecraft:crafted":{"minecraft:stone_sword":25},"minecraft:custom":{"minecraft:time_since_rest":107942,"minecraft:damage_taken":1250,"minecraft:sprint_one_cm":24033,"minecraft:walk_one_cm":30161,"minecraft:mob_kills":1342,"minecraft:drop":67,"minecraft:damage_dealt":30215,"minecraft:swim_one_cm":1759,"minecraft:interact_with_crafting_table":3,"minecraft:talked_to_villager":1,"minecraft:fly_one_cm":51803,"minecraft:open_chest":24,"minecraft:crouch_one_cm":14190,"minecraft:play_time":176056,"minecraft:deaths":2,"minecraft:sneak_time":48367,"minecraft:walk_under_water_one_cm":1080,"minecraft:jump":216,"minecraft:leave_game":6,"minecraft:time_since_death":107912,"minecraft:walk_on_water_one_cm":2020,"minecraft:total_world_time":176056,"minecraft:fall_one_cm":6664},"minecraft:mined":{"minecraft:torch":1,"minecraft:cobblestone":1719},"minecraft:dropped":{"minecraft:cobblestone_slab":1,"minecraft:potato":2,"minecraft:gunpowder":328,"minecraft:cooked_beef":2,"minecraft:stone_sword":3,"minecraft:spruce_trapdoor":4,"minecraft:glass_bottle":2,"minecraft:cobblestone":98,"minecraft:rotten_flesh":432,"minecraft:spider_eye":5,"minecraft:bow":20,"minecraft:arrow":325,"minecraft:string":78,"minecraft:bone":286,"minecraft:stick":2},"minecraft:killed":{"minecraft:skeleton":426,"minecraft:trader_llama":2,"minecraft:zombie":447,"minecraft:witch":8,"minecraft:zombie_villager":4,"minecraft:spider":24,"minecraft:wandering_trader":1,"minecraft:villager":1,"minecraft:creeper":426},"minecraft:broken":{"minecraft:stone_pickaxe":13,"minecraft:stone_sword":15},"minecraft:picked_up":{"minecraft:stick":27,"minecraft:leather":2,"minecraft:lead":2,"minecraft:torch":1,"minecraft:potato":2,"minecraft:gunpowder":354,"minecraft:spider_eye":5,"minecraft:string":82,"minecraft:bone":317,"minecraft:arrow":342,"minecraft:sugar":2,"minecraft:rotten_flesh":455,"minecraft:bow":20,"minecraft:stone_pickaxe":23,"minecraft:cobblestone_slab":1,"minecraft:baked_potato":3,"minecraft:glass_bottle":2,"minecraft:spruce_trapdoor":4,"minecraft:cobblestone":1195}},"DataVersion":3463}