{"stats":{"minecraft:used":{"minecraft:stone_sword":1402,"minecraft:stone_pickaxe":1316,"minecraft:baked_potato":3,"minecraft:cobblestone_slab":1,"minecraft:rotten_flesh":6,"minecraft:torch":1,"minecraft:golden_sword":10,"minecraft:cobblestone":1},"minecraft:crafted":{"minecraft:stone_sword":25},"minecraft:custom":{"minecraft:time_since_rest":35483,"minecraft:sprint_one_cm":18906,"minecraft:damage_taken":1050,"minecraft:walk_one_cm":25296,"minecraft:mob_kills":856,"minecraft:drop":28,"minecraft:damage_dealt":19749,"minecraft:swim_one_cm":1759,"minecraft:interact_with_crafting_table":3,"minecraft:talked_to_villager":1,"minecraft:fly_one_cm":43425,"minecraft:open_chest":19,"minecraft:crouch_one_cm":12945,"minecraft:play_time":103597,"minecraft:deaths":2,"minecraft:sneak_time":33010,"minecraft:walk_under_water_one_cm":1080,"minecraft:jump":192,"minecraft:leave_game":5,"minecraft:time_since_death":35453,"minecraft:walk_on_water_one_cm":1749,"minecraft:total_world_time":103597,"minecraft:fall_one_cm":6180},"minecraft:mined":{"minecraft:torch":1,"minecraft:cobblestone":1312},"minecraft:dropped":{"minecraft:potato":2,"minecraft:spruce_trapdoor":4,"minecraft:cobblestone":97,"minecraft:rotten_flesh":266,"minecraft:spider_eye":2,"minecraft:bow":13,"minecraft:bone":3},"minecraft:killed":{"minecraft:skeleton":267,"minecraft:trader_llama":2,"minecraft:zombie":284,"minecraft:witch":5,"minecraft:zombie_villager":3,"minecraft:spider":11,"minecraft:wandering_trader":1,"minecraft:villager":1,"minecraft:creeper":279},"minecraft:broken":{"minecraft:stone_pickaxe":10,"minecraft:stone_sword":9},"minecraft:picked_up":{"minecraft:stick":27,"minecraft:leather":2,"minecraft:lead":2,"minecraft:torch":1,"minecraft:potato":2,"minecraft:gunpowder":213,"minecraft:spider_eye":2,"minecraft:string":43,"minecraft:bone":202,"minecraft:arrow":191,"minecraft:rotten_flesh":328,"minecraft:bow":16,"minecraft:stone_pickaxe":14,"minecraft:cobblestone_slab":1,"minecraft:baked_potato":3,"minecraft:glass_bottle":2,"minecraft:spruce_trapdoor":4,"minecraft:cobblestone":991}},"DataVersion":3463}