{"stats":{"minecraft:used":{"minecraft:golden_sword":10,"minecraft:torch":1,"minecraft:stone_pickaxe":813,"minecraft:baked_potato":2},"minecraft:custom":{"minecraft:time_since_rest":37130,"minecraft:open_chest":7,"minecraft:crouch_one_cm":14,"minecraft:play_time":37130,"minecraft:sprint_one_cm":7232,"minecraft:damage_taken":140,"minecraft:walk_one_cm":5263,"minecraft:sneak_time":51,"minecraft:walk_under_water_one_cm":1047,"minecraft:mob_kills":2,"minecraft:drop":2,"minecraft:jump":75,"minecraft:damage_dealt":329,"minecraft:time_since_death":37130,"minecraft:walk_on_water_one_cm":1153,"minecraft:total_world_time":37130,"minecraft:swim_one_cm":1540,"minecraft:talked_to_villager":1,"minecraft:fall_one_cm":3068,"minecraft:fly_one_cm":17997},"minecraft:mined":{"minecraft:cobblestone":812,"minecraft:torch":1},"minecraft:dropped":{"minecraft:cobblestone":97},"minecraft:killed":{"minecraft:trader_llama":2},"minecraft:broken":{"minecraft:stone_pickaxe":6},"minecraft:picked_up":{"minecraft:leather":2,"minecraft:lead":2,"minecraft:torch":1,"minecraft:stone_pickaxe":14,"minecraft:baked_potato":3,"minecraft:cobblestone":550}},"DataVersion":3463}