{"stats":{"minecraft:used":{"minecraft:stone_sword":1195,"minecraft:stone_pickaxe":1316,"minecraft:baked_potato":3,"minecraft:rotten_flesh":5,"minecraft:torch":1,"minecraft:golden_sword":10},"minecraft:crafted":{"minecraft:stone_sword":25},"minecraft:custom":{"minecraft:time_since_rest":23483,"minecraft:sprint_one_cm":17605,"minecraft:damage_taken":1050,"minecraft:walk_one_cm":25038,"minecraft:mob_kills":689,"minecraft:drop":28,"minecraft:damage_dealt":16311,"minecraft:swim_one_cm":1759,"minecraft:interact_with_crafting_table":3,"minecraft:talked_to_villager":1,"minecraft:fly_one_cm":43399,"minecraft:open_chest":19,"minecraft:crouch_one_cm":12843,"minecraft:play_time":91597,"minecraft:deaths":2,"minecraft:sneak_time":21533,"minecraft:walk_under_water_one_cm":1080,"minecraft:jump":190,"minecraft:leave_game":5,"minecraft:time_since_death":23453,"minecraft:walk_on_water_one_cm":1749,"minecraft:total_world_time":91597,"minecraft:fall_one_cm":6180},"minecraft:mined":{"minecraft:torch":1,"minecraft:cobblestone":1312},"minecraft:dropped":{"minecraft:potato":2,"minecraft:spruce_trapdoor":4,"minecraft:cobblestone":97,"minecraft:rotten_flesh":266,"minecraft:spider_eye":2,"minecraft:bow":13,"minecraft:bone":3},"minecraft:killed":{"minecraft:skeleton":212,"minecraft:trader_llama":2,"minecraft:zombie":243,"minecraft:witch":5,"minecraft:zombie_villager":2,"minecraft:spider":8,"minecraft:wandering_trader":1,"minecraft:villager":1,"minecraft:creeper":212},"minecraft:broken":{"minecraft:stone_pickaxe":10,"minecraft:stone_sword":7},"minecraft:picked_up":{"minecraft:stick":27,"minecraft:leather":2,"minecraft:lead":2,"minecraft:torch":1,"minecraft:potato":2,"minecraft:gunpowder":149,"minecraft:spider_eye":2,"minecraft:string":30,"minecraft:bone":162,"minecraft:arrow":147,"minecraft:rotten_flesh":289,"minecraft:bow":13,"minecraft:stone_pickaxe":14,"minecraft:cobblestone_slab":1,"minecraft:baked_potato":3,"minecraft:glass_bottle":2,"minecraft:spruce_trapdoor":4,"minecraft:cobblestone":991}},"DataVersion":3463}