{"stats":{"minecraft:used":{"minecraft:stone_sword":1837,"minecraft:stone_pickaxe":1316,"minecraft:baked_potato":3,"minecraft:cobblestone_slab":3,"minecraft:rotten_flesh":6,"minecraft:torch":1,"minecraft:golden_sword":10,"minecraft:cobblestone":3,"minecraft:cooked_beef":3},"minecraft:crafted":{"minecraft:stone_sword":25},"minecraft:custom":{"minecraft:time_since_rest":59483,"minecraft:sprint_one_cm":19687,"minecraft:damage_taken":1250,"minecraft:walk_one_cm":26934,"minecraft:mob_kills":1145,"minecraft:drop":42,"minecraft:damage_dealt":25982,"minecraft:swim_one_cm":1759,"minecraft:interact_with_crafting_table":3,"minecraft:talked_to_villager":1,"minecraft:fly_one_cm":46251,"minecraft:open_chest":19,"minecraft:crouch_one_cm":14114,"minecraft:play_time":127597,"minecraft:deaths":2,"minecraft:sneak_time":48230,"minecraft:walk_under_water_one_cm":1080,"minecraft:jump":195,"minecraft:leave_game":5,"minecraft:time_since_death":59453,"minecraft:walk_on_water_one_cm":1749,"minecraft:total_world_time":127597,"minecraft:fall_one_cm":6664},"minecraft:mined":{"minecraft:torch":1,"minecraft:cobblestone":1312},"minecraft:dropped":{"minecraft:potato":2,"minecraft:spruce_trapdoor":4,"minecraft:cobblestone":97,"minecraft:rotten_flesh":389,"minecraft:spider_eye":4,"minecraft:arrow":271,"minecraft:bow":18,"minecraft:bone":3,"minecraft:stick":2},"minecraft:killed":{"minecraft:skeleton":367,"minecraft:trader_llama":2,"minecraft:zombie":380,"minecraft:witch":8,"minecraft:zombie_villager":3,"minecraft:spider":18,"minecraft:wandering_trader":1,"minecraft:villager":1,"minecraft:creeper":362},"minecraft:broken":{"minecraft:stone_pickaxe":10,"minecraft:stone_sword":11},"minecraft:picked_up":{"minecraft:stick":27,"minecraft:leather":2,"minecraft:lead":2,"minecraft:torch":1,"minecraft:potato":2,"minecraft:gunpowder":299,"minecraft:spider_eye":4,"minecraft:string":71,"minecraft:bone":288,"minecraft:arrow":290,"minecraft:sugar":2,"minecraft:rotten_flesh":414,"minecraft:bow":18,"minecraft:stone_pickaxe":14,"minecraft:cobblestone_slab":1,"minecraft:baked_potato":3,"minecraft:glass_bottle":2,"minecraft:spruce_trapdoor":4,"minecraft:cobblestone":991}},"DataVersion":3463}