{"stats":{"minecraft:used":{"minecraft:stone_sword":457,"minecraft:stone_pickaxe":1316,"minecraft:baked_potato":3,"minecraft:torch":1,"minecraft:golden_sword":10},"minecraft:crafted":{"minecraft:stone_sword":25},"minecraft:custom":{"minecraft:time_since_rest":4444,"minecraft:sprint_one_cm":16751,"minecraft:damage_taken":890,"minecraft:walk_one_cm":24316,"minecraft:mob_kills":231,"minecraft:drop":2,"minecraft:damage_dealt":6394,"minecraft:talked_to_villager":1,"minecraft:swim_one_cm":1759,"minecraft:interact_with_crafting_table":3,"minecraft:fly_one_cm":43131,"minecraft:open_chest":19,"minecraft:crouch_one_cm":7906,"minecraft:deaths":2,"minecraft:play_time":72558,"minecraft:sneak_time":3081,"minecraft:walk_under_water_one_cm":1080,"minecraft:jump":187,"minecraft:leave_game":3,"minecraft:walk_on_water_one_cm":1749,"minecraft:time_since_death":4414,"minecraft:total_world_time":72558,"minecraft:fall_one_cm":6180},"minecraft:mined":{"minecraft:torch":1,"minecraft:cobblestone":1312},"minecraft:dropped":{"minecraft:cobblestone":97},"minecraft:killed":{"minecraft:skeleton":79,"minecraft:trader_llama":2,"minecraft:zombie":91,"minecraft:witch":1,"minecraft:spider":3,"minecraft:wandering_trader":1,"minecraft:villager":1,"minecraft:creeper":52},"minecraft:broken":{"minecraft:stone_pickaxe":10,"minecraft:stone_sword":2},"minecraft:picked_up":{"minecraft:stick":25,"minecraft:leather":2,"minecraft:torch":1,"minecraft:lead":2,"minecraft:gunpowder":51,"minecraft:string":8,"minecraft:bone":60,"minecraft:arrow":60,"minecraft:rotten_flesh":51,"minecraft:bow":1,"minecraft:stone_pickaxe":14,"minecraft:baked_potato":3,"minecraft:spruce_trapdoor":2,"minecraft:cobblestone":990}},"DataVersion":3463}