{"stats":{"minecraft:used":{"minecraft:stone_sword":2227,"minecraft:stone_pickaxe":1316,"minecraft:baked_potato":3,"minecraft:cobblestone_slab":4,"minecraft:rotten_flesh":6,"minecraft:torch":1,"minecraft:golden_sword":10,"minecraft:cobblestone":4,"minecraft:cooked_beef":3},"minecraft:crafted":{"minecraft:stone_sword":25},"minecraft:custom":{"minecraft:time_since_rest":83483,"minecraft:sprint_one_cm":20478,"minecraft:damage_taken":1250,"minecraft:walk_one_cm":27550,"minecraft:mob_kills":1318,"minecraft:drop":42,"minecraft:damage_dealt":29661,"minecraft:swim_one_cm":1759,"minecraft:interact_with_crafting_table":3,"minecraft:talked_to_villager":1,"minecraft:fly_one_cm":46251,"minecraft:open_chest":19,"minecraft:crouch_one_cm":14125,"minecraft:play_time":151597,"minecraft:deaths":2,"minecraft:sneak_time":48350,"minecraft:walk_under_water_one_cm":1080,"minecraft:jump":196,"minecraft:leave_game":5,"minecraft:time_since_death":83453,"minecraft:walk_on_water_one_cm":1749,"minecraft:total_world_time":151597,"minecraft:fall_one_cm":6664},"minecraft:mined":{"minecraft:torch":1,"minecraft:cobblestone":1312},"minecraft:dropped":{"minecraft:potato":2,"minecraft:spruce_trapdoor":4,"minecraft:cobblestone":97,"minecraft:rotten_flesh":389,"minecraft:spider_eye":4,"minecraft:arrow":271,"minecraft:bow":18,"minecraft:bone":3,"minecraft:stick":2},"minecraft:killed":{"minecraft:skeleton":417,"minecraft:trader_llama":2,"minecraft:zombie":442,"minecraft:witch":8,"minecraft:zombie_villager":3,"minecraft:spider":24,"minecraft:wandering_trader":1,"minecraft:villager":1,"minecraft:creeper":417},"minecraft:broken":{"minecraft:stone_pickaxe":10,"minecraft:stone_sword":15},"minecraft:picked_up":{"minecraft:stick":27,"minecraft:leather":2,"minecraft:lead":2,"minecraft:torch":1,"minecraft:potato":2,"minecraft:gunpowder":334,"minecraft:spider_eye":5,"minecraft:string":78,"minecraft:bone":302,"minecraft:arrow":330,"minecraft:sugar":2,"minecraft:rotten_flesh":453,"minecraft:bow":19,"minecraft:stone_pickaxe":14,"minecraft:cobblestone_slab":1,"minecraft:baked_potato":3,"minecraft:glass_bottle":2,"minecraft:spruce_trapdoor":4,"minecraft:cobblestone":991}},"DataVersion":3463}