{"stats":{"minecraft:used":{"minecraft:stone_pickaxe":131},"minecraft:custom":{"minecraft:jump":13,"minecraft:open_chest":1,"minecraft:time_since_rest":13130,"minecraft:crouch_one_cm":14,"minecraft:sprint_one_cm":617,"minecraft:play_time":13130,"minecraft:damage_taken":90,"minecraft:time_since_death":13130,"minecraft:walk_one_cm":1127,"minecraft:sneak_time":51,"minecraft:total_world_time":13130,"minecraft:fall_one_cm":2232,"minecraft:fly_one_cm":11147},"minecraft:mined":{"minecraft:cobblestone":131},"minecraft:broken":{"minecraft:stone_pickaxe":1},"minecraft:picked_up":{"minecraft:stone_pickaxe":5,"minecraft:cobblestone":83}},"DataVersion":3463}