{"stats":{"minecraft:used":{"minecraft:golden_sword":10,"minecraft:torch":1,"minecraft:stone_pickaxe":1191,"minecraft:baked_potato":2},"minecraft:custom":{"minecraft:time_since_rest":49130,"minecraft:open_chest":7,"minecraft:crouch_one_cm":14,"minecraft:play_time":49130,"minecraft:sprint_one_cm":8627,"minecraft:damage_taken":150,"minecraft:walk_one_cm":5382,"minecraft:sneak_time":51,"minecraft:walk_under_water_one_cm":1047,"minecraft:mob_kills":2,"minecraft:drop":2,"minecraft:jump":88,"minecraft:damage_dealt":329,"minecraft:time_since_death":49130,"minecraft:walk_on_water_one_cm":1261,"minecraft:total_world_time":49130,"minecraft:swim_one_cm":1540,"minecraft:talked_to_villager":1,"minecraft:fall_one_cm":3821,"minecraft:fly_one_cm":20693},"minecraft:mined":{"minecraft:cobblestone":1190,"minecraft:torch":1},"minecraft:dropped":{"minecraft:cobblestone":97},"minecraft:killed":{"minecraft:trader_llama":2},"minecraft:broken":{"minecraft:stone_pickaxe":9},"minecraft:picked_up":{"minecraft:leather":2,"minecraft:lead":2,"minecraft:torch":1,"minecraft:stone_pickaxe":14,"minecraft:baked_potato":3,"minecraft:cobblestone":875}},"DataVersion":3463}