{"stats":{"minecraft:used":{"minecraft:golden_sword":10,"minecraft:torch":1,"minecraft:stone_pickaxe":446},"minecraft:custom":{"minecraft:time_since_rest":25130,"minecraft:open_chest":7,"minecraft:crouch_one_cm":14,"minecraft:play_time":25130,"minecraft:sprint_one_cm":5536,"minecraft:damage_taken":140,"minecraft:walk_one_cm":4285,"minecraft:sneak_time":51,"minecraft:walk_under_water_one_cm":758,"minecraft:mob_kills":2,"minecraft:drop":2,"minecraft:jump":61,"minecraft:damage_dealt":329,"minecraft:time_since_death":25130,"minecraft:walk_on_water_one_cm":883,"minecraft:total_world_time":25130,"minecraft:swim_one_cm":1148,"minecraft:talked_to_villager":1,"minecraft:fall_one_cm":2859,"minecraft:fly_one_cm":16231},"minecraft:mined":{"minecraft:cobblestone":445,"minecraft:torch":1},"minecraft:dropped":{"minecraft:cobblestone":97},"minecraft:killed":{"minecraft:trader_llama":2},"minecraft:broken":{"minecraft:stone_pickaxe":3},"minecraft:picked_up":{"minecraft:leather":2,"minecraft:lead":2,"minecraft:torch":1,"minecraft:stone_pickaxe":5,"minecraft:cobblestone":299}},"DataVersion":3463}