{"stats":{"minecraft:used":{"minecraft:stone_sword":827,"minecraft:stone_pickaxe":1316,"minecraft:baked_potato":3,"minecraft:rotten_flesh":5,"minecraft:torch":1,"minecraft:golden_sword":10},"minecraft:crafted":{"minecraft:stone_sword":25},"minecraft:custom":{"minecraft:time_since_rest":13036,"minecraft:sprint_one_cm":16751,"minecraft:damage_taken":1010,"minecraft:walk_one_cm":24423,"minecraft:mob_kills":475,"minecraft:drop":2,"minecraft:damage_dealt":11646,"minecraft:talked_to_villager":1,"minecraft:swim_one_cm":1759,"minecraft:interact_with_crafting_table":3,"minecraft:fly_one_cm":43161,"minecraft:open_chest":19,"minecraft:crouch_one_cm":11942,"minecraft:play_time":81150,"minecraft:deaths":2,"minecraft:sneak_time":11648,"minecraft:walk_under_water_one_cm":1080,"minecraft:jump":188,"minecraft:leave_game":4,"minecraft:time_since_death":13006,"minecraft:walk_on_water_one_cm":1749,"minecraft:total_world_time":81150,"minecraft:fall_one_cm":6180},"minecraft:mined":{"minecraft:torch":1,"minecraft:cobblestone":1312},"minecraft:dropped":{"minecraft:cobblestone":97},"minecraft:killed":{"minecraft:skeleton":139,"minecraft:trader_llama":2,"minecraft:zombie":184,"minecraft:witch":3,"minecraft:zombie_villager":1,"minecraft:spider":6,"minecraft:wandering_trader":1,"minecraft:villager":1,"minecraft:creeper":137},"minecraft:broken":{"minecraft:stone_pickaxe":10,"minecraft:stone_sword":5},"minecraft:picked_up":{"minecraft:stick":27,"minecraft:leather":2,"minecraft:lead":2,"minecraft:torch":1,"minecraft:potato":1,"minecraft:gunpowder":103,"minecraft:spider_eye":1,"minecraft:string":23,"minecraft:arrow":91,"minecraft:bone":102,"minecraft:rotten_flesh":112,"minecraft:bow":4,"minecraft:stone_pickaxe":14,"minecraft:cobblestone_slab":1,"minecraft:baked_potato":3,"minecraft:spruce_trapdoor":2,"minecraft:cobblestone":991}},"DataVersion":3463}