{"stats":{"minecraft:used":{"minecraft:oak_fence":5,"minecraft:stone_sword":14,"minecraft:birch_planks":17,"minecraft:spruce_slab":44,"minecraft:stone_pickaxe":758,"minecraft:baked_potato":21,"minecraft:oak_planks":36,"minecraft:chest":2,"minecraft:wooden_pickaxe":135,"minecraft:cobblestone_slab":84,"minecraft:oak_door":1,"minecraft:torch":13,"minecraft:dirt":4,"minecraft:crafting_table":2,"minecraft:white_bed":1,"minecraft:spruce_stairs":32,"minecraft:smoker":1,"minecraft:oak_log":24,"minecraft:wooden_axe":59,"minecraft:oak_stairs":6,"minecraft:spruce_sapling":1,"minecraft:stone_axe":293,"minecraft:cobblestone":158,"minecraft:bow":4,"minecraft:furnace":1,"minecraft:potato":58},"minecraft:crafted":{"minecraft:oak_door":3,"minecraft:oak_planks":140,"minecraft:cobblestone_slab":84,"minecraft:crafting_table":1,"minecraft:spruce_planks":160,"minecraft:wooden_pickaxe":3,"minecraft:baked_potato":61,"minecraft:furnace":2,"minecraft:birch_planks":4,"minecraft:stone_axe":3,"minecraft:air":0,"minecraft:spruce_stairs":36,"minecraft:spruce_slab":66,"minecraft:stick":24,"minecraft:oak_stairs":8,"minecraft:stone_pickaxe":4,"minecraft:wooden_axe":1,"minecraft:stone_sword":3,"minecraft:chest":2,"minecraft:oak_fence":6,"minecraft:smoker":1},"minecraft:custom":{"minecraft:interact_with_furnace":6,"minecraft:mob_kills":5,"minecraft:interact_with_crafting_table":26,"minecraft:leave_game":2,"minecraft:time_since_death":2363,"minecraft:sleep_in_bed":1,"minecraft:climb_one_cm":180,"minecraft:time_since_rest":2392,"minecraft:sprint_one_cm":237570,"minecraft:damage_taken":3076,"minecraft:walk_one_cm":253490,"minecraft:drop":71,"minecraft:damage_dealt":1747,"minecraft:swim_one_cm":1783,"minecraft:fly_one_cm":506691,"minecraft:player_kills":6,"minecraft:open_chest":108,"minecraft:crouch_one_cm":95995,"minecraft:play_time":196453,"minecraft:deaths":10,"minecraft:sneak_time":54556,"minecraft:walk_under_water_one_cm":3207,"minecraft:boat_one_cm":1057,"minecraft:jump":2082,"minecraft:walk_on_water_one_cm":8784,"minecraft:interact_with_smoker":5,"minecraft:total_world_time":196453,"minecraft:fall_one_cm":27432},"minecraft:mined":{"minecraft:crafting_table":1,"minecraft:torch":5,"minecraft:cave_vines_plant":2,"minecraft:cobblestone":856,"minecraft:spruce_leaves":4,"minecraft:wall_torch":3,"minecraft:spruce_stairs":3,"minecraft:birch_planks":7,"minecraft:spruce_log":313,"minecraft:flowering_azalea_leaves":1,"minecraft:potatoes":58,"minecraft:oak_log":14,"minecraft:cave_vines":2,"minecraft:cobblestone_slab":15,"minecraft:oak_stairs":1,"minecraft:dirt":1,"minecraft:azalea_leaves":3},"minecraft:dropped":{"minecraft:oak_door":2,"minecraft:stone_hoe":1,"minecraft:stone_axe":9,"minecraft:birch_planks":1,"minecraft:wheat_seeds":1,"minecraft:baked_potato":7,"minecraft:stone_sword":2,"minecraft:dripstone_block":1,"minecraft:oak_fence":1,"minecraft:cobblestone":273,"minecraft:rotten_flesh":5,"minecraft:stick":11,"minecraft:dirt":44,"minecraft:cobblestone_slab":13,"minecraft:gunpowder":1,"minecraft:azalea":3,"minecraft:spider_eye":1,"minecraft:spruce_log":35,"minecraft:stone_pickaxe":7,"minecraft:wooden_pickaxe":1,"minecraft:bucket":1},"minecraft:killed_by":{"minecraft:creeper":1,"minecraft:zombie":1},"minecraft:killed":{"minecraft:spider":1,"minecraft:creeper":2,"minecraft:zombie":2},"minecraft:broken":{"minecraft:stone_pickaxe":5,"minecraft:stone_axe":2,"minecraft:wooden_axe":1,"minecraft:wooden_pickaxe":3},"minecraft:picked_up":{"minecraft:birch_log":1,"minecraft:music_disc_strad":1,"minecraft:crafting_table":1,"minecraft:wooden_pickaxe":3,"minecraft:oak_stairs":1,"minecraft:potato":214,"minecraft:birch_planks":4,"minecraft:oak_log":14,"minecraft:gunpowder":1,"minecraft:string":2,"minecraft:dirt":48,"minecraft:bone":1,"minecraft:apple":1,"minecraft:wheat_seeds":1,"minecraft:bucket":1,"minecraft:stone_pickaxe":17,"minecraft:cobblestone_slab":73,"minecraft:azalea":3,"minecraft:stone_hoe":1,"minecraft:stick":47,"minecraft:torch":36,"minecraft:spruce_stairs":3,"minecraft:poisonous_potato":2,"minecraft:dripstone_block":1,"minecraft:spruce_sapling":22,"minecraft:white_bed":1,"minecraft:spruce_log":304,"minecraft:spider_eye":1,"minecraft:rotten_flesh":5,"minecraft:stone_axe":10,"minecraft:glow_berries":2,"minecraft:cobblestone":723}},"DataVersion":3463}