{"stats":{"minecraft:used":{"minecraft:stone_pickaxe":472,"minecraft:wooden_pickaxe":76,"minecraft:torch":1,"minecraft:dirt":4,"minecraft:cobblestone":4},"minecraft:killed_by":{"minecraft:creeper":1,"minecraft:zombie":1},"minecraft:broken":{"minecraft:stone_pickaxe":3,"minecraft:wooden_pickaxe":2},"minecraft:crafted":{"minecraft:birch_planks":4},"minecraft:mined":{"minecraft:torch":1,"minecraft:cobblestone_slab":1,"minecraft:dirt":1,"minecraft:cobblestone":528},"minecraft:dropped":{"minecraft:stone_hoe":1,"minecraft:dirt":44,"minecraft:stone_axe":1,"minecraft:wheat_seeds":1,"minecraft:dripstone_block":1,"minecraft:cobblestone":234,"minecraft:spider_eye":1,"minecraft:wooden_pickaxe":1,"minecraft:stone_pickaxe":3,"minecraft:bucket":1,"minecraft:stick":11},"minecraft:picked_up":{"minecraft:birch_log":1,"minecraft:stick":14,"minecraft:torch":1,"minecraft:wooden_pickaxe":3,"minecraft:dripstone_block":1,"minecraft:spruce_log":1,"minecraft:spider_eye":1,"minecraft:dirt":48,"minecraft:stone_axe":1,"minecraft:wheat_seeds":1,"minecraft:bucket":1,"minecraft:stone_pickaxe":15,"minecraft:stone_hoe":1,"minecraft:cobblestone":362},"minecraft:custom":{"minecraft:time_since_rest":988,"minecraft:sprint_one_cm":37856,"minecraft:damage_taken":1534,"minecraft:walk_one_cm":37816,"minecraft:drop":39,"minecraft:damage_dealt":567,"minecraft:interact_with_crafting_table":1,"minecraft:fly_one_cm":95559,"minecraft:player_kills":2,"minecraft:open_chest":19,"minecraft:crouch_one_cm":14240,"minecraft:play_time":46786,"minecraft:deaths":6,"minecraft:sneak_time":19298,"minecraft:walk_under_water_one_cm":177,"minecraft:jump":384,"minecraft:leave_game":1,"minecraft:walk_on_water_one_cm":853,"minecraft:time_since_death":952,"minecraft:total_world_time":46786,"minecraft:fall_one_cm":4529}},"DataVersion":3463}