{"stats":{"minecraft:used":{"minecraft:wooden_axe":59,"minecraft:stone_pickaxe":474,"minecraft:baked_potato":5,"minecraft:wooden_pickaxe":114,"minecraft:spruce_sapling":1,"minecraft:cobblestone_slab":60,"minecraft:stone_axe":222,"minecraft:torch":1,"minecraft:dirt":4,"minecraft:cobblestone":6,"minecraft:bow":4},"minecraft:crafted":{"minecraft:oak_planks":140,"minecraft:wooden_pickaxe":3,"minecraft:stick":12,"minecraft:baked_potato":12,"minecraft:wooden_axe":1,"minecraft:birch_planks":4,"minecraft:air":0},"minecraft:custom":{"minecraft:time_since_rest":9947,"minecraft:sprint_one_cm":89901,"minecraft:damage_taken":2200,"minecraft:walk_one_cm":102396,"minecraft:mob_kills":1,"minecraft:drop":51,"minecraft:damage_dealt":989,"minecraft:swim_one_cm":98,"minecraft:interact_with_crafting_table":4,"minecraft:fly_one_cm":221510,"minecraft:player_kills":4,"minecraft:open_chest":56,"minecraft:crouch_one_cm":53634,"minecraft:play_time":88453,"minecraft:deaths":8,"minecraft:sneak_time":37632,"minecraft:walk_under_water_one_cm":679,"minecraft:jump":972,"minecraft:leave_game":2,"minecraft:time_since_death":9900,"minecraft:walk_on_water_one_cm":2365,"minecraft:total_world_time":88453,"minecraft:interact_with_smoker":2,"minecraft:fall_one_cm":12742},"minecraft:mined":{"minecraft:spruce_log":274,"minecraft:torch":1,"minecraft:cave_vines":1,"minecraft:cobblestone_slab":1,"minecraft:dirt":1,"minecraft:cobblestone":566,"minecraft:spruce_leaves":3},"minecraft:dropped":{"minecraft:stone_hoe":1,"minecraft:dirt":44,"minecraft:stone_axe":7,"minecraft:wheat_seeds":1,"minecraft:baked_potato":7,"minecraft:dripstone_block":1,"minecraft:cobblestone":238,"minecraft:spider_eye":1,"minecraft:spruce_log":35,"minecraft:wooden_pickaxe":1,"minecraft:stone_pickaxe":5,"minecraft:bucket":1,"minecraft:stick":11},"minecraft:killed_by":{"minecraft:creeper":1,"minecraft:zombie":1},"minecraft:killed":{"minecraft:spider":1},"minecraft:broken":{"minecraft:stone_pickaxe":3,"minecraft:wooden_axe":1,"minecraft:stone_axe":2,"minecraft:wooden_pickaxe":2},"minecraft:picked_up":{"minecraft:birch_log":1,"minecraft:stick":20,"minecraft:torch":1,"minecraft:wooden_pickaxe":3,"minecraft:dripstone_block":1,"minecraft:spruce_sapling":4,"minecraft:spruce_log":265,"minecraft:dirt":48,"minecraft:spider_eye":1,"minecraft:string":2,"minecraft:apple":1,"minecraft:stone_axe":10,"minecraft:wheat_seeds":1,"minecraft:bucket":1,"minecraft:stone_pickaxe":16,"minecraft:cobblestone_slab":60,"minecraft:stone_hoe":1,"minecraft:cobblestone":435}},"DataVersion":3463}