{"stats":{"minecraft:picked_up":{"minecraft:stick":9,"minecraft:torch":25,"minecraft:wooden_pickaxe":1,"minecraft:potato":1,"minecraft:lava_bucket":1,"minecraft:oak_log":7,"minecraft:soul_torch":3,"minecraft:carrot":1,"minecraft:spider_eye":2,"minecraft:dirt":69,"minecraft:string":6,"minecraft:stone_shovel":1,"minecraft:rotten_flesh":2,"minecraft:stone_axe":1,"minecraft:wheat_seeds":2,"minecraft:spruce_planks":99,"minecraft:stone_pickaxe":4,"minecraft:cobblestone_slab":300,"minecraft:spruce_slab":78,"minecraft:cobblestone":312},"minecraft:dropped":{"minecraft:lava_bucket":1,"minecraft:cobblestone_slab":98,"minecraft:soul_torch":1,"minecraft:cobblestone":166,"minecraft:stone_pickaxe":6,"minecraft:wooden_pickaxe":2,"minecraft:bucket":1},"minecraft:mined":{"minecraft:soul_wall_torch":1,"minecraft:ice":1,"minecraft:soul_torch":2,"minecraft:torch":2,"minecraft:grass_block":20,"minecraft:oak_log":3,"minecraft:cobblestone_slab":62,"minecraft:dirt":48,"minecraft:cobblestone":349,"minecraft:spruce_slab":1,"minecraft:wall_torch":1},"minecraft:killed":{"minecraft:spider":1},"minecraft:crafted":{"minecraft:oak_planks":24,"minecraft:cobblestone_slab":156,"minecraft:stone_shovel":1,"minecraft:crafting_table":1,"minecraft:stick":20,"minecraft:wooden_pickaxe":1,"minecraft:stone_pickaxe":7},"minecraft:used":{"minecraft:oak_log":1,"minecraft:water_bucket":1,"minecraft:lava_bucket":7,"minecraft:stone_shovel":53,"minecraft:stone_pickaxe":411,"minecraft:wooden_pickaxe":13,"minecraft:cobblestone_slab":197,"minecraft:rotten_flesh":2,"minecraft:stone_axe":1,"minecraft:torch":4,"minecraft:dirt":12,"minecraft:cobblestone":2,"minecraft:crafting_table":1,"minecraft:bucket":5,"minecraft:ice":1,"minecraft:soul_torch":1},"minecraft:custom":{"minecraft:time_since_rest":75195,"minecraft:damage_taken":330,"minecraft:sprint_one_cm":31258,"minecraft:walk_one_cm":44512,"minecraft:mob_kills":1,"minecraft:drop":17,"minecraft:damage_dealt":186,"minecraft:interact_with_crafting_table":11,"minecraft:fly_one_cm":69196,"minecraft:open_chest":37,"minecraft:crouch_one_cm":40700,"minecraft:play_time":75791,"minecraft:deaths":1,"minecraft:sneak_time":13277,"minecraft:jump":406,"minecraft:leave_game":1,"minecraft:time_since_death":75172,"minecraft:walk_on_water_one_cm":644,"minecraft:total_world_time":75791,"minecraft:fall_one_cm":3375},"minecraft:broken":{"minecraft:stone_pickaxe":3}},"DataVersion":3839}