{"stats":{"minecraft:used":{"minecraft:wooden_axe":59,"minecraft:stone_pickaxe":659,"minecraft:baked_potato":10,"minecraft:wooden_pickaxe":135,"minecraft:spruce_sapling":1,"minecraft:cobblestone_slab":84,"minecraft:stone_axe":222,"minecraft:torch":5,"minecraft:dirt":4,"minecraft:cobblestone":156,"minecraft:bow":4,"minecraft:potato":58},"minecraft:crafted":{"minecraft:oak_planks":140,"minecraft:cobblestone_slab":84,"minecraft:stone_pickaxe":1,"minecraft:spruce_planks":4,"minecraft:wooden_pickaxe":3,"minecraft:stick":12,"minecraft:baked_potato":61,"minecraft:wooden_axe":1,"minecraft:birch_planks":4,"minecraft:air":0},"minecraft:custom":{"minecraft:time_since_rest":45947,"minecraft:interact_with_furnace":6,"minecraft:sprint_one_cm":157252,"minecraft:damage_taken":2210,"minecraft:walk_one_cm":149601,"minecraft:mob_kills":1,"minecraft:drop":52,"minecraft:damage_dealt":989,"minecraft:swim_one_cm":955,"minecraft:interact_with_crafting_table":7,"minecraft:fly_one_cm":365631,"minecraft:player_kills":4,"minecraft:open_chest":86,"minecraft:crouch_one_cm":80220,"minecraft:play_time":124453,"minecraft:deaths":8,"minecraft:sneak_time":47185,"minecraft:walk_under_water_one_cm":2578,"minecraft:jump":1472,"minecraft:leave_game":2,"minecraft:time_since_death":45900,"minecraft:walk_on_water_one_cm":6295,"minecraft:climb_one_cm":180,"minecraft:total_world_time":124453,"minecraft:interact_with_smoker":4,"minecraft:fall_one_cm":19912},"minecraft:mined":{"minecraft:spruce_log":274,"minecraft:torch":1,"minecraft:potatoes":58,"minecraft:cave_vines":2,"minecraft:cobblestone_slab":1,"minecraft:dirt":1,"minecraft:cobblestone":772,"minecraft:spruce_leaves":3},"minecraft:dropped":{"minecraft:stone_hoe":1,"minecraft:dirt":44,"minecraft:stone_axe":7,"minecraft:wheat_seeds":1,"minecraft:baked_potato":7,"minecraft:dripstone_block":1,"minecraft:cobblestone":255,"minecraft:spider_eye":1,"minecraft:spruce_log":35,"minecraft:wooden_pickaxe":1,"minecraft:stone_pickaxe":5,"minecraft:bucket":1,"minecraft:stick":11},"minecraft:killed_by":{"minecraft:creeper":1,"minecraft:zombie":1},"minecraft:killed":{"minecraft:spider":1},"minecraft:broken":{"minecraft:stone_pickaxe":4,"minecraft:wooden_axe":1,"minecraft:stone_axe":2,"minecraft:wooden_pickaxe":3},"minecraft:picked_up":{"minecraft:birch_log":1,"minecraft:stick":23,"minecraft:torch":29,"minecraft:wooden_pickaxe":3,"minecraft:poisonous_potato":2,"minecraft:potato":214,"minecraft:dripstone_block":1,"minecraft:spruce_sapling":5,"minecraft:spruce_log":265,"minecraft:dirt":48,"minecraft:spider_eye":1,"minecraft:string":2,"minecraft:apple":1,"minecraft:stone_axe":10,"minecraft:wheat_seeds":1,"minecraft:bucket":1,"minecraft:stone_pickaxe":17,"minecraft:cobblestone_slab":60,"minecraft:stone_hoe":1,"minecraft:cobblestone":625}},"DataVersion":3463}