{"stats":{"minecraft:picked_up":{"minecraft:stick":1,"minecraft:wooden_pickaxe":1,"minecraft:oak_log":7,"minecraft:dirt":21,"minecraft:wheat_seeds":2,"minecraft:stone_pickaxe":1,"minecraft:cobblestone_slab":38,"minecraft:cobblestone":269},"minecraft:dropped":{"minecraft:cobblestone_slab":98,"minecraft:cobblestone":166,"minecraft:stone_pickaxe":6,"minecraft:wooden_pickaxe":2,"minecraft:bucket":1},"minecraft:mined":{"minecraft:ice":1,"minecraft:grass_block":14,"minecraft:oak_log":3,"minecraft:cobblestone_slab":3,"minecraft:dirt":8,"minecraft:cobblestone":348},"minecraft:crafted":{"minecraft:oak_planks":24,"minecraft:cobblestone_slab":90,"minecraft:stone_shovel":1,"minecraft:crafting_table":1,"minecraft:stick":20,"minecraft:wooden_pickaxe":1,"minecraft:stone_pickaxe":7},"minecraft:used":{"minecraft:oak_log":1,"minecraft:water_bucket":1,"minecraft:lava_bucket":6,"minecraft:stone_shovel":8,"minecraft:stone_pickaxe":345,"minecraft:wooden_pickaxe":13,"minecraft:cobblestone_slab":34,"minecraft:dirt":10,"minecraft:cobblestone":1,"minecraft:crafting_table":1,"minecraft:bucket":4,"minecraft:ice":1},"minecraft:custom":{"minecraft:time_since_rest":59012,"minecraft:sprint_one_cm":4418,"minecraft:damage_taken":270,"minecraft:walk_one_cm":15660,"minecraft:drop":15,"minecraft:damage_dealt":60,"minecraft:interact_with_crafting_table":9,"minecraft:fly_one_cm":4879,"minecraft:open_chest":21,"minecraft:crouch_one_cm":13084,"minecraft:play_time":59608,"minecraft:deaths":1,"minecraft:sneak_time":6162,"minecraft:jump":138,"minecraft:time_since_death":58989,"minecraft:walk_on_water_one_cm":496,"minecraft:total_world_time":59608,"minecraft:fall_one_cm":1738},"minecraft:broken":{"minecraft:stone_pickaxe":2}},"DataVersion":3839}