{"stats":{"minecraft:picked_up":{"minecraft:charcoal":60,"minecraft:water_bucket":1,"minecraft:wooden_pickaxe":1,"minecraft:potato":1,"minecraft:oak_log":7,"minecraft:string":6,"minecraft:dirt":83,"minecraft:podzol":2,"minecraft:wheat_seeds":2,"minecraft:bucket":1,"minecraft:spruce_planks":198,"minecraft:stone_pickaxe":7,"minecraft:cobblestone_slab":681,"minecraft:spruce_slab":346,"minecraft:stone_hoe":1,"minecraft:phantom_membrane":2,"minecraft:stick":10,"minecraft:torch":49,"minecraft:lava_bucket":2,"minecraft:soul_torch":3,"minecraft:spruce_sapling":6,"minecraft:spruce_log":109,"minecraft:carrot":1,"minecraft:spider_eye":4,"minecraft:rotten_flesh":2,"minecraft:arrow":1,"minecraft:stone_shovel":2,"minecraft:spruce_boat":3,"minecraft:stone_axe":2,"minecraft:baked_potato":4,"minecraft:cobblestone":544},"minecraft:killed_by":{"minecraft:player":1},"minecraft:dropped":{"minecraft:stone_hoe":1,"minecraft:soul_torch":1,"minecraft:cobblestone":166,"minecraft:lava_bucket":1,"minecraft:dirt":10,"minecraft:cobblestone_slab":104,"minecraft:spruce_planks":192,"minecraft:charcoal":60,"minecraft:spruce_slab":240,"minecraft:spider_eye":1,"minecraft:phantom_membrane":1,"minecraft:arrow":1,"minecraft:podzol":1,"minecraft:stone_pickaxe":7,"minecraft:wooden_pickaxe":2,"minecraft:bucket":4,"minecraft:spruce_sapling":4},"minecraft:mined":{"minecraft:podzol":4,"minecraft:soul_wall_torch":1,"minecraft:soul_torch":2,"minecraft:torch":3,"minecraft:grass_block":20,"minecraft:cobblestone":507,"minecraft:spruce_leaves":1,"minecraft:wall_torch":3,"minecraft:ice":1,"minecraft:spruce_log":109,"minecraft:oak_log":3,"minecraft:cobblestone_slab":109,"minecraft:dirt":48,"minecraft:spruce_slab":29},"minecraft:killed":{"minecraft:spider":1,"minecraft:phantom":2},"minecraft:crafted":{"minecraft:oak_planks":24,"minecraft:cobblestone_slab":156,"minecraft:stone_shovel":1,"minecraft:crafting_table":1,"minecraft:spruce_planks":356,"minecraft:wooden_pickaxe":1,"minecraft:baked_potato":2,"minecraft:stone_axe":1,"minecraft:air":0,"minecraft:spruce_slab":168,"minecraft:stick":44,"minecraft:stone_pickaxe":7,"minecraft:spruce_boat":3},"minecraft:used":{"minecraft:water_bucket":6,"minecraft:spruce_slab":168,"minecraft:stone_shovel":57,"minecraft:stone_pickaxe":616,"minecraft:baked_potato":5,"minecraft:wooden_pickaxe":13,"minecraft:cobblestone_slab":251,"minecraft:rotten_flesh":2,"minecraft:torch":7,"minecraft:dirt":12,"minecraft:crafting_table":1,"minecraft:spruce_log":1,"minecraft:spruce_boat":3,"minecraft:oak_log":1,"minecraft:lava_bucket":8,"minecraft:stone_axe":151,"minecraft:cobblestone":108,"minecraft:bucket":9,"minecraft:ice":1,"minecraft:soul_torch":1},"minecraft:custom":{"minecraft:interact_with_furnace":4,"minecraft:mob_kills":3,"minecraft:interact_with_crafting_table":17,"minecraft:leave_game":1,"minecraft:time_since_death":33721,"minecraft:time_since_rest":33743,"minecraft:sprint_one_cm":66349,"minecraft:damage_taken":800,"minecraft:walk_one_cm":103994,"minecraft:drop":38,"minecraft:damage_dealt":992,"minecraft:fly_one_cm":121905,"minecraft:open_chest":56,"minecraft:walk_under_water_one_cm":1016,"minecraft:crouch_one_cm":75442,"minecraft:play_time":111791,"minecraft:deaths":2,"minecraft:sneak_time":24966,"minecraft:jump":816,"minecraft:walk_on_water_one_cm":1469,"minecraft:total_world_time":111791,"minecraft:fall_one_cm":9596},"minecraft:broken":{"minecraft:stone_pickaxe":4,"minecraft:stone_axe":2}},"DataVersion":3839}