{"stats":{"minecraft:used":{"minecraft:torch":1,"minecraft:dirt":4,"minecraft:cobblestone":4,"minecraft:stone_pickaxe":269,"minecraft:wooden_pickaxe":76},"minecraft:broken":{"minecraft:wooden_pickaxe":2,"minecraft:stone_pickaxe":1},"minecraft:mined":{"minecraft:cobblestone_slab":1,"minecraft:dirt":1,"minecraft:cobblestone":333,"minecraft:torch":1},"minecraft:dropped":{"minecraft:cobblestone":192,"minecraft:dirt":2,"minecraft:stone_pickaxe":1,"minecraft:wheat_seeds":1,"minecraft:wooden_pickaxe":1},"minecraft:picked_up":{"minecraft:birch_log":1,"minecraft:torch":1,"minecraft:wheat_seeds":1,"minecraft:wooden_pickaxe":3,"minecraft:stone_pickaxe":4,"minecraft:dirt":6,"minecraft:cobblestone":226},"minecraft:custom":{"minecraft:open_chest":7,"minecraft:time_since_rest":17470,"minecraft:crouch_one_cm":5245,"minecraft:play_time":28786,"minecraft:sprint_one_cm":8935,"minecraft:walk_one_cm":24132,"minecraft:damage_taken":589,"minecraft:deaths":2,"minecraft:sneak_time":12424,"minecraft:walk_under_water_one_cm":177,"minecraft:drop":24,"minecraft:jump":141,"minecraft:damage_dealt":330,"minecraft:leave_game":1,"minecraft:time_since_death":17442,"minecraft:walk_on_water_one_cm":232,"minecraft:total_world_time":28786,"minecraft:player_kills":1,"minecraft:fall_one_cm":2141,"minecraft:fly_one_cm":21346}},"DataVersion":3463}