{"stats":{"minecraft:used":{"minecraft:stone_pickaxe":474,"minecraft:baked_potato":5,"minecraft:wooden_pickaxe":76,"minecraft:cobblestone_slab":60,"minecraft:spruce_sapling":1,"minecraft:stone_axe":222,"minecraft:torch":1,"minecraft:dirt":4,"minecraft:cobblestone":6,"minecraft:bow":1},"minecraft:killed_by":{"minecraft:creeper":1,"minecraft:zombie":1},"minecraft:broken":{"minecraft:stone_pickaxe":3,"minecraft:stone_axe":2,"minecraft:wooden_pickaxe":2},"minecraft:crafted":{"minecraft:baked_potato":12,"minecraft:birch_planks":4,"minecraft:air":0},"minecraft:mined":{"minecraft:spruce_log":215,"minecraft:torch":1,"minecraft:cobblestone_slab":1,"minecraft:dirt":1,"minecraft:cobblestone":528,"minecraft:spruce_leaves":3},"minecraft:killed":{"minecraft:spider":1},"minecraft:dropped":{"minecraft:stone_hoe":1,"minecraft:dirt":44,"minecraft:stone_axe":2,"minecraft:wheat_seeds":1,"minecraft:dripstone_block":1,"minecraft:cobblestone":237,"minecraft:spider_eye":1,"minecraft:spruce_log":35,"minecraft:wooden_pickaxe":1,"minecraft:stone_pickaxe":5,"minecraft:bucket":1,"minecraft:stick":11},"minecraft:picked_up":{"minecraft:birch_log":1,"minecraft:stick":19,"minecraft:torch":1,"minecraft:wooden_pickaxe":3,"minecraft:dripstone_block":1,"minecraft:spruce_sapling":4,"minecraft:spruce_log":206,"minecraft:string":2,"minecraft:spider_eye":1,"minecraft:dirt":48,"minecraft:stone_axe":6,"minecraft:wheat_seeds":1,"minecraft:bucket":1,"minecraft:stone_pickaxe":16,"minecraft:cobblestone_slab":60,"minecraft:stone_hoe":1,"minecraft:cobblestone":405},"minecraft:custom":{"minecraft:time_since_rest":24988,"minecraft:sprint_one_cm":67501,"minecraft:damage_taken":1754,"minecraft:walk_one_cm":85541,"minecraft:mob_kills":1,"minecraft:drop":44,"minecraft:damage_dealt":835,"minecraft:interact_with_crafting_table":1,"minecraft:fly_one_cm":173959,"minecraft:player_kills":3,"minecraft:open_chest":33,"minecraft:crouch_one_cm":47436,"minecraft:play_time":70786,"minecraft:deaths":6,"minecraft:sneak_time":28376,"minecraft:walk_under_water_one_cm":548,"minecraft:jump":766,"minecraft:leave_game":1,"minecraft:walk_on_water_one_cm":1235,"minecraft:time_since_death":24952,"minecraft:interact_with_smoker":2,"minecraft:total_world_time":70786,"minecraft:fall_one_cm":9269}},"DataVersion":3463}