{"stats":{"minecraft:used":{"minecraft:dirt":1,"minecraft:wooden_pickaxe":19},"minecraft:mined":{"minecraft:cobblestone":19},"minecraft:picked_up":{"minecraft:wheat_seeds":1,"minecraft:wooden_pickaxe":1,"minecraft:dirt":1,"minecraft:cobblestone":22},"minecraft:dropped":{"minecraft:cobblestone":20,"minecraft:wheat_seeds":1},"minecraft:custom":{"minecraft:time_since_rest":4183,"minecraft:crouch_one_cm":660,"minecraft:play_time":4786,"minecraft:sprint_one_cm":13,"minecraft:walk_one_cm":3558,"minecraft:damage_taken":260,"minecraft:deaths":1,"minecraft:sneak_time":2350,"minecraft:drop":3,"minecraft:jump":13,"minecraft:leave_game":1,"minecraft:time_since_death":4148,"minecraft:walk_on_water_one_cm":193,"minecraft:total_world_time":4786,"minecraft:fall_one_cm":335,"minecraft:fly_one_cm":35}},"DataVersion":3463}