{"stats":{"minecraft:picked_up":{"minecraft:charcoal":60,"minecraft:wooden_pickaxe":1,"minecraft:potato":1,"minecraft:oak_log":7,"minecraft:string":6,"minecraft:dirt":79,"minecraft:podzol":2,"minecraft:wheat_seeds":2,"minecraft:bucket":1,"minecraft:spruce_planks":198,"minecraft:stone_pickaxe":7,"minecraft:cobblestone_slab":514,"minecraft:spruce_slab":318,"minecraft:stone_hoe":1,"minecraft:phantom_membrane":1,"minecraft:stick":9,"minecraft:torch":47,"minecraft:lava_bucket":1,"minecraft:soul_torch":3,"minecraft:spruce_sapling":1,"minecraft:spruce_log":33,"minecraft:carrot":1,"minecraft:spider_eye":3,"minecraft:rotten_flesh":2,"minecraft:arrow":1,"minecraft:stone_shovel":2,"minecraft:stone_axe":2,"minecraft:baked_potato":1,"minecraft:cobblestone":355},"minecraft:killed_by":{"minecraft:player":1},"minecraft:dropped":{"minecraft:stone_hoe":1,"minecraft:soul_torch":1,"minecraft:cobblestone":166,"minecraft:lava_bucket":1,"minecraft:dirt":10,"minecraft:cobblestone_slab":104,"minecraft:charcoal":60,"minecraft:spruce_slab":240,"minecraft:spider_eye":1,"minecraft:phantom_membrane":1,"minecraft:arrow":1,"minecraft:podzol":1,"minecraft:stone_pickaxe":7,"minecraft:wooden_pickaxe":2,"minecraft:bucket":2,"minecraft:spruce_sapling":1},"minecraft:mined":{"minecraft:soul_wall_torch":1,"minecraft:soul_torch":2,"minecraft:torch":2,"minecraft:grass_block":20,"minecraft:cobblestone":354,"minecraft:wall_torch":3,"minecraft:ice":1,"minecraft:spruce_log":34,"minecraft:oak_log":3,"minecraft:cobblestone_slab":78,"minecraft:dirt":48,"minecraft:spruce_slab":1},"minecraft:killed":{"minecraft:spider":1,"minecraft:phantom":1},"minecraft:crafted":{"minecraft:oak_planks":24,"minecraft:cobblestone_slab":156,"minecraft:stone_shovel":1,"minecraft:crafting_table":1,"minecraft:spruce_planks":12,"minecraft:wooden_pickaxe":1,"minecraft:baked_potato":2,"minecraft:stone_axe":1,"minecraft:air":0,"minecraft:spruce_slab":168,"minecraft:stick":44,"minecraft:stone_pickaxe":7,"minecraft:spruce_boat":3},"minecraft:used":{"minecraft:water_bucket":1,"minecraft:spruce_slab":168,"minecraft:stone_shovel":53,"minecraft:stone_pickaxe":432,"minecraft:baked_potato":2,"minecraft:wooden_pickaxe":13,"minecraft:cobblestone_slab":232,"minecraft:rotten_flesh":2,"minecraft:torch":7,"minecraft:dirt":12,"minecraft:crafting_table":1,"minecraft:spruce_boat":3,"minecraft:oak_log":1,"minecraft:lava_bucket":7,"minecraft:stone_axe":45,"minecraft:cobblestone":22,"minecraft:bucket":5,"minecraft:ice":1,"minecraft:soul_torch":1},"minecraft:custom":{"minecraft:interact_with_furnace":4,"minecraft:mob_kills":2,"minecraft:interact_with_crafting_table":16,"minecraft:leave_game":1,"minecraft:time_since_death":9721,"minecraft:time_since_rest":9743,"minecraft:sprint_one_cm":51207,"minecraft:damage_taken":700,"minecraft:walk_one_cm":67195,"minecraft:drop":32,"minecraft:damage_dealt":955,"minecraft:fly_one_cm":108653,"minecraft:open_chest":48,"minecraft:crouch_one_cm":57441,"minecraft:play_time":87791,"minecraft:deaths":2,"minecraft:sneak_time":17473,"minecraft:jump":613,"minecraft:walk_on_water_one_cm":725,"minecraft:total_world_time":87791,"minecraft:fall_one_cm":3974},"minecraft:broken":{"minecraft:stone_pickaxe":3,"minecraft:stone_axe":1}},"DataVersion":3839}