{"stats":{"minecraft:picked_up":{"minecraft:charcoal":60,"minecraft:wooden_pickaxe":1,"minecraft:potato":1,"minecraft:oak_log":7,"minecraft:string":6,"minecraft:dirt":83,"minecraft:podzol":2,"minecraft:wheat_seeds":2,"minecraft:bucket":1,"minecraft:spruce_planks":198,"minecraft:stone_pickaxe":7,"minecraft:cobblestone_slab":667,"minecraft:spruce_slab":329,"minecraft:stone_hoe":1,"minecraft:phantom_membrane":2,"minecraft:stick":10,"minecraft:torch":49,"minecraft:lava_bucket":2,"minecraft:soul_torch":3,"minecraft:spruce_sapling":6,"minecraft:spruce_log":89,"minecraft:carrot":1,"minecraft:spider_eye":4,"minecraft:rotten_flesh":2,"minecraft:arrow":1,"minecraft:stone_shovel":2,"minecraft:spruce_boat":3,"minecraft:stone_axe":2,"minecraft:baked_potato":4,"minecraft:cobblestone":480},"minecraft:killed_by":{"minecraft:player":1},"minecraft:dropped":{"minecraft:stone_hoe":1,"minecraft:soul_torch":1,"minecraft:cobblestone":166,"minecraft:lava_bucket":1,"minecraft:dirt":10,"minecraft:cobblestone_slab":104,"minecraft:spruce_planks":192,"minecraft:charcoal":60,"minecraft:spruce_slab":240,"minecraft:spider_eye":1,"minecraft:phantom_membrane":1,"minecraft:arrow":1,"minecraft:podzol":1,"minecraft:stone_pickaxe":7,"minecraft:wooden_pickaxe":2,"minecraft:bucket":3,"minecraft:spruce_sapling":4},"minecraft:mined":{"minecraft:podzol":4,"minecraft:soul_wall_torch":1,"minecraft:soul_torch":2,"minecraft:torch":3,"minecraft:grass_block":20,"minecraft:cobblestone":444,"minecraft:spruce_leaves":1,"minecraft:wall_torch":3,"minecraft:ice":1,"minecraft:spruce_log":89,"minecraft:oak_log":3,"minecraft:cobblestone_slab":91,"minecraft:dirt":48,"minecraft:spruce_slab":12},"minecraft:killed":{"minecraft:spider":1,"minecraft:phantom":2},"minecraft:crafted":{"minecraft:oak_planks":24,"minecraft:cobblestone_slab":156,"minecraft:stone_shovel":1,"minecraft:crafting_table":1,"minecraft:spruce_planks":356,"minecraft:wooden_pickaxe":1,"minecraft:baked_potato":2,"minecraft:stone_axe":1,"minecraft:air":0,"minecraft:spruce_slab":168,"minecraft:stick":44,"minecraft:stone_pickaxe":7,"minecraft:spruce_boat":3},"minecraft:used":{"minecraft:water_bucket":1,"minecraft:spruce_slab":168,"minecraft:stone_shovel":57,"minecraft:stone_pickaxe":535,"minecraft:baked_potato":5,"minecraft:wooden_pickaxe":13,"minecraft:cobblestone_slab":238,"minecraft:rotten_flesh":2,"minecraft:torch":7,"minecraft:dirt":12,"minecraft:crafting_table":1,"minecraft:spruce_boat":3,"minecraft:oak_log":1,"minecraft:lava_bucket":8,"minecraft:stone_axe":114,"minecraft:cobblestone":77,"minecraft:bucket":5,"minecraft:ice":1,"minecraft:soul_torch":1},"minecraft:custom":{"minecraft:interact_with_furnace":4,"minecraft:mob_kills":3,"minecraft:interact_with_crafting_table":17,"minecraft:leave_game":1,"minecraft:time_since_death":21721,"minecraft:time_since_rest":21743,"minecraft:sprint_one_cm":60376,"minecraft:damage_taken":760,"minecraft:walk_one_cm":87335,"minecraft:drop":37,"minecraft:damage_dealt":992,"minecraft:fly_one_cm":116600,"minecraft:open_chest":53,"minecraft:crouch_one_cm":68254,"minecraft:play_time":99791,"minecraft:deaths":2,"minecraft:sneak_time":22024,"minecraft:jump":731,"minecraft:walk_on_water_one_cm":725,"minecraft:total_world_time":99791,"minecraft:fall_one_cm":7483},"minecraft:broken":{"minecraft:stone_pickaxe":4,"minecraft:stone_axe":1}},"DataVersion":3839}