{"stats":{"minecraft:picked_up":{"minecraft:charcoal":60,"minecraft:crafting_table":4,"minecraft:ladder":10,"minecraft:water_bucket":1,"minecraft:wooden_pickaxe":1,"minecraft:potato":102,"minecraft:oak_log":7,"minecraft:gunpowder":18,"minecraft:string":8,"minecraft:dirt":94,"minecraft:podzol":2,"minecraft:bone":17,"minecraft:bow":3,"minecraft:wheat_seeds":2,"minecraft:bucket":2,"minecraft:spruce_planks":262,"minecraft:stone_pickaxe":10,"minecraft:cobblestone_slab":747,"minecraft:spruce_slab":346,"minecraft:spruce_trapdoor":3,"minecraft:stone_hoe":1,"minecraft:phantom_membrane":2,"minecraft:stick":38,"minecraft:torch":94,"minecraft:poisonous_potato":1,"minecraft:lava_bucket":2,"minecraft:soul_torch":3,"minecraft:spruce_sapling":18,"minecraft:spruce_log":244,"minecraft:carrot":7,"minecraft:spider_eye":4,"minecraft:rotten_flesh":15,"minecraft:arrow":12,"minecraft:stone_shovel":2,"minecraft:spruce_boat":6,"minecraft:stone_axe":2,"minecraft:chainmail_helmet":1,"minecraft:baked_potato":4,"minecraft:cobblestone":1623},"minecraft:killed_by":{"minecraft:player":1},"minecraft:dropped":{"minecraft:stone_hoe":1,"minecraft:soul_torch":1,"minecraft:baked_potato":1,"minecraft:poisonous_potato":1,"minecraft:cobblestone":166,"minecraft:lava_bucket":1,"minecraft:dirt":10,"minecraft:cobblestone_slab":104,"minecraft:spruce_planks":192,"minecraft:charcoal":60,"minecraft:spruce_log":19,"minecraft:spruce_slab":240,"minecraft:spider_eye":1,"minecraft:phantom_membrane":1,"minecraft:arrow":1,"minecraft:podzol":1,"minecraft:stone_pickaxe":10,"minecraft:wooden_pickaxe":2,"minecraft:bucket":4,"minecraft:spruce_sapling":4},"minecraft:mined":{"minecraft:podzol":15,"minecraft:soul_wall_torch":1,"minecraft:soul_torch":2,"minecraft:spruce_trapdoor":3,"minecraft:crafting_table":4,"minecraft:torch":24,"minecraft:ladder":4,"minecraft:grass_block":20,"minecraft:cobblestone":640,"minecraft:spruce_leaves":2,"minecraft:wall_torch":10,"minecraft:carrots":1,"minecraft:ice":1,"minecraft:spruce_log":244,"minecraft:potatoes":31,"minecraft:oak_log":3,"minecraft:cobblestone_slab":153,"minecraft:dirt":48,"minecraft:spruce_slab":29},"minecraft:killed":{"minecraft:spider":1,"minecraft:creeper":17,"minecraft:phantom":2,"minecraft:skeleton":14,"minecraft:zombie":8},"minecraft:crafted":{"minecraft:oak_planks":24,"minecraft:cobblestone_slab":930,"minecraft:stone_shovel":1,"minecraft:crafting_table":3,"minecraft:spruce_planks":932,"minecraft:wooden_pickaxe":1,"minecraft:baked_potato":18,"minecraft:bone_meal":51,"minecraft:stone_axe":4,"minecraft:air":0,"minecraft:spruce_trapdoor":148,"minecraft:bow":2,"minecraft:ladder":27,"minecraft:spruce_slab":168,"minecraft:stick":172,"minecraft:stone_pickaxe":9,"minecraft:stone_sword":1,"minecraft:spruce_boat":3,"minecraft:torch":36},"minecraft:used":{"minecraft:water_bucket":20,"minecraft:stone_sword":39,"minecraft:spruce_slab":168,"minecraft:stone_shovel":57,"minecraft:stone_pickaxe":794,"minecraft:baked_potato":17,"minecraft:ladder":23,"minecraft:wooden_pickaxe":13,"minecraft:cobblestone_slab":1208,"minecraft:rotten_flesh":2,"minecraft:torch":55,"minecraft:dirt":12,"minecraft:crafting_table":5,"minecraft:carrot":6,"minecraft:spruce_log":1,"minecraft:spruce_boat":5,"minecraft:oak_log":1,"minecraft:lava_bucket":9,"minecraft:spruce_trapdoor":76,"minecraft:stone_axe":307,"minecraft:cobblestone":857,"minecraft:bucket":23,"minecraft:ice":1,"minecraft:potato":30,"minecraft:bone_meal":51,"minecraft:soul_torch":1},"minecraft:custom":{"minecraft:interact_with_furnace":8,"minecraft:mob_kills":42,"minecraft:interact_with_crafting_table":34,"minecraft:leave_game":1,"minecraft:time_since_death":51068,"minecraft:climb_one_cm":21974,"minecraft:time_since_rest":51109,"minecraft:sprint_one_cm":165082,"minecraft:damage_taken":1401,"minecraft:walk_one_cm":317600,"minecraft:drop":44,"minecraft:damage_dealt":1864,"minecraft:swim_one_cm":842,"minecraft:fly_one_cm":274220,"minecraft:boat_one_cm":5966,"minecraft:open_chest":78,"minecraft:walk_under_water_one_cm":3425,"minecraft:crouch_one_cm":160406,"minecraft:play_time":183791,"minecraft:deaths":3,"minecraft:sneak_time":46821,"minecraft:jump":1656,"minecraft:walk_on_water_one_cm":8475,"minecraft:interact_with_smoker":20,"minecraft:total_world_time":183791,"minecraft:fall_one_cm":21736},"minecraft:broken":{"minecraft:stone_pickaxe":5,"minecraft:stone_axe":3}},"DataVersion":3839}