{"stats":{"minecraft:used":{"minecraft:stone_pickaxe":474,"minecraft:wooden_pickaxe":76,"minecraft:stone_axe":157,"minecraft:torch":1,"minecraft:dirt":4,"minecraft:cobblestone":5,"minecraft:bow":1},"minecraft:killed_by":{"minecraft:creeper":1,"minecraft:zombie":1},"minecraft:broken":{"minecraft:stone_pickaxe":3,"minecraft:stone_axe":2,"minecraft:wooden_pickaxe":2},"minecraft:crafted":{"minecraft:birch_planks":4},"minecraft:mined":{"minecraft:spruce_log":157,"minecraft:torch":1,"minecraft:cobblestone_slab":1,"minecraft:dirt":1,"minecraft:cobblestone":528},"minecraft:dropped":{"minecraft:stone_hoe":1,"minecraft:dirt":44,"minecraft:stone_axe":2,"minecraft:wheat_seeds":1,"minecraft:dripstone_block":1,"minecraft:cobblestone":237,"minecraft:spider_eye":1,"minecraft:spruce_log":35,"minecraft:wooden_pickaxe":1,"minecraft:stone_pickaxe":5,"minecraft:bucket":1,"minecraft:stick":11},"minecraft:picked_up":{"minecraft:birch_log":1,"minecraft:stick":16,"minecraft:torch":1,"minecraft:wooden_pickaxe":3,"minecraft:dripstone_block":1,"minecraft:spruce_sapling":2,"minecraft:spruce_log":150,"minecraft:spider_eye":1,"minecraft:dirt":48,"minecraft:stone_axe":6,"minecraft:wheat_seeds":1,"minecraft:bucket":1,"minecraft:stone_pickaxe":16,"minecraft:stone_hoe":1,"minecraft:cobblestone":395},"minecraft:custom":{"minecraft:time_since_rest":12988,"minecraft:sprint_one_cm":52380,"minecraft:damage_taken":1574,"minecraft:walk_one_cm":60324,"minecraft:drop":44,"minecraft:damage_dealt":675,"minecraft:interact_with_crafting_table":1,"minecraft:fly_one_cm":130935,"minecraft:player_kills":3,"minecraft:open_chest":28,"minecraft:crouch_one_cm":25259,"minecraft:play_time":58786,"minecraft:deaths":6,"minecraft:sneak_time":23660,"minecraft:walk_under_water_one_cm":548,"minecraft:jump":615,"minecraft:leave_game":1,"minecraft:walk_on_water_one_cm":1235,"minecraft:time_since_death":12952,"minecraft:total_world_time":58786,"minecraft:fall_one_cm":7738}},"DataVersion":3463}