{"stats":{"minecraft:used":{"minecraft:dirt":3,"minecraft:cobblestone":3,"minecraft:stone_pickaxe":112,"minecraft:wooden_pickaxe":64},"minecraft:broken":{"minecraft:wooden_pickaxe":1},"minecraft:mined":{"minecraft:cobblestone_slab":1,"minecraft:dirt":1,"minecraft:cobblestone":168},"minecraft:dropped":{"minecraft:cobblestone":100,"minecraft:stone_pickaxe":1,"minecraft:wheat_seeds":1,"minecraft:wooden_pickaxe":1},"minecraft:picked_up":{"minecraft:birch_log":1,"minecraft:wheat_seeds":1,"minecraft:wooden_pickaxe":3,"minecraft:stone_pickaxe":2,"minecraft:dirt":3,"minecraft:cobblestone":119},"minecraft:custom":{"minecraft:open_chest":5,"minecraft:time_since_rest":5470,"minecraft:crouch_one_cm":3424,"minecraft:play_time":16786,"minecraft:sprint_one_cm":4891,"minecraft:walk_one_cm":15043,"minecraft:damage_taken":569,"minecraft:deaths":2,"minecraft:sneak_time":7317,"minecraft:walk_under_water_one_cm":177,"minecraft:drop":16,"minecraft:jump":71,"minecraft:damage_dealt":210,"minecraft:leave_game":1,"minecraft:time_since_death":5442,"minecraft:walk_on_water_one_cm":232,"minecraft:total_world_time":16786,"minecraft:player_kills":1,"minecraft:fall_one_cm":755,"minecraft:fly_one_cm":11021}},"DataVersion":3463}