{"stats":{"minecraft:picked_up":{"minecraft:charcoal":60,"minecraft:crafting_table":3,"minecraft:ladder":9,"minecraft:water_bucket":1,"minecraft:wooden_pickaxe":1,"minecraft:potato":16,"minecraft:oak_log":7,"minecraft:string":6,"minecraft:dirt":94,"minecraft:podzol":2,"minecraft:wheat_seeds":2,"minecraft:bucket":2,"minecraft:spruce_planks":262,"minecraft:stone_pickaxe":10,"minecraft:cobblestone_slab":735,"minecraft:spruce_slab":346,"minecraft:spruce_trapdoor":1,"minecraft:stone_hoe":1,"minecraft:phantom_membrane":2,"minecraft:stick":38,"minecraft:torch":79,"minecraft:lava_bucket":2,"minecraft:soul_torch":3,"minecraft:spruce_sapling":18,"minecraft:spruce_log":244,"minecraft:carrot":6,"minecraft:spider_eye":4,"minecraft:rotten_flesh":2,"minecraft:arrow":1,"minecraft:stone_shovel":2,"minecraft:spruce_boat":6,"minecraft:stone_axe":2,"minecraft:baked_potato":4,"minecraft:cobblestone":1606},"minecraft:killed_by":{"minecraft:player":1},"minecraft:dropped":{"minecraft:stone_hoe":1,"minecraft:soul_torch":1,"minecraft:baked_potato":1,"minecraft:cobblestone":166,"minecraft:lava_bucket":1,"minecraft:dirt":10,"minecraft:cobblestone_slab":104,"minecraft:spruce_planks":192,"minecraft:charcoal":60,"minecraft:spruce_log":19,"minecraft:spruce_slab":240,"minecraft:spider_eye":1,"minecraft:phantom_membrane":1,"minecraft:arrow":1,"minecraft:podzol":1,"minecraft:stone_pickaxe":10,"minecraft:wooden_pickaxe":2,"minecraft:bucket":4,"minecraft:spruce_sapling":4},"minecraft:mined":{"minecraft:podzol":15,"minecraft:soul_wall_torch":1,"minecraft:soul_torch":2,"minecraft:spruce_trapdoor":1,"minecraft:crafting_table":3,"minecraft:torch":15,"minecraft:ladder":3,"minecraft:grass_block":20,"minecraft:cobblestone":623,"minecraft:spruce_leaves":2,"minecraft:wall_torch":8,"minecraft:carrots":1,"minecraft:ice":1,"minecraft:spruce_log":244,"minecraft:potatoes":7,"minecraft:oak_log":3,"minecraft:cobblestone_slab":147,"minecraft:dirt":48,"minecraft:spruce_slab":29},"minecraft:killed":{"minecraft:spider":1,"minecraft:phantom":2},"minecraft:crafted":{"minecraft:oak_planks":24,"minecraft:cobblestone_slab":672,"minecraft:stone_shovel":1,"minecraft:crafting_table":3,"minecraft:spruce_planks":932,"minecraft:wooden_pickaxe":1,"minecraft:baked_potato":10,"minecraft:stone_axe":4,"minecraft:air":0,"minecraft:spruce_trapdoor":148,"minecraft:ladder":27,"minecraft:spruce_slab":168,"minecraft:stick":172,"minecraft:stone_pickaxe":9,"minecraft:spruce_boat":3,"minecraft:torch":36},"minecraft:used":{"minecraft:water_bucket":20,"minecraft:spruce_slab":168,"minecraft:stone_shovel":57,"minecraft:stone_pickaxe":770,"minecraft:baked_potato":12,"minecraft:ladder":23,"minecraft:wooden_pickaxe":13,"minecraft:cobblestone_slab":1022,"minecraft:rotten_flesh":2,"minecraft:torch":42,"minecraft:dirt":12,"minecraft:crafting_table":5,"minecraft:carrot":5,"minecraft:spruce_log":1,"minecraft:spruce_boat":5,"minecraft:oak_log":1,"minecraft:lava_bucket":9,"minecraft:spruce_trapdoor":73,"minecraft:stone_axe":301,"minecraft:cobblestone":844,"minecraft:bucket":23,"minecraft:ice":1,"minecraft:potato":7,"minecraft:soul_torch":1},"minecraft:custom":{"minecraft:interact_with_furnace":7,"minecraft:mob_kills":3,"minecraft:interact_with_crafting_table":31,"minecraft:leave_game":1,"minecraft:time_since_death":39068,"minecraft:climb_one_cm":21882,"minecraft:time_since_rest":39109,"minecraft:sprint_one_cm":149842,"minecraft:damage_taken":1356,"minecraft:walk_one_cm":260192,"minecraft:drop":43,"minecraft:damage_dealt":1137,"minecraft:swim_one_cm":842,"minecraft:fly_one_cm":230112,"minecraft:boat_one_cm":5966,"minecraft:open_chest":74,"minecraft:walk_under_water_one_cm":3199,"minecraft:crouch_one_cm":150673,"minecraft:play_time":171791,"minecraft:deaths":3,"minecraft:sneak_time":45410,"minecraft:jump":1573,"minecraft:walk_on_water_one_cm":7743,"minecraft:interact_with_smoker":11,"minecraft:total_world_time":171791,"minecraft:fall_one_cm":21200},"minecraft:broken":{"minecraft:stone_pickaxe":5,"minecraft:stone_axe":3}},"DataVersion":3839}