{"stats":{"minecraft:picked_up":{"minecraft:stick":1,"minecraft:torch":3,"minecraft:wooden_pickaxe":1,"minecraft:potato":1,"minecraft:lava_bucket":1,"minecraft:oak_log":7,"minecraft:soul_torch":3,"minecraft:carrot":1,"minecraft:string":2,"minecraft:dirt":69,"minecraft:rotten_flesh":2,"minecraft:wheat_seeds":2,"minecraft:stone_pickaxe":2,"minecraft:cobblestone_slab":145,"minecraft:cobblestone":270},"minecraft:dropped":{"minecraft:lava_bucket":1,"minecraft:cobblestone_slab":98,"minecraft:soul_torch":1,"minecraft:cobblestone":166,"minecraft:stone_pickaxe":6,"minecraft:wooden_pickaxe":2,"minecraft:bucket":1},"minecraft:mined":{"minecraft:soul_wall_torch":1,"minecraft:ice":1,"minecraft:soul_torch":2,"minecraft:torch":2,"minecraft:grass_block":20,"minecraft:oak_log":3,"minecraft:cobblestone_slab":21,"minecraft:dirt":48,"minecraft:cobblestone":349,"minecraft:wall_torch":1},"minecraft:killed":{"minecraft:spider":1},"minecraft:crafted":{"minecraft:oak_planks":24,"minecraft:cobblestone_slab":156,"minecraft:stone_shovel":1,"minecraft:crafting_table":1,"minecraft:stick":20,"minecraft:wooden_pickaxe":1,"minecraft:stone_pickaxe":7},"minecraft:used":{"minecraft:oak_log":1,"minecraft:water_bucket":1,"minecraft:lava_bucket":7,"minecraft:stone_shovel":53,"minecraft:stone_pickaxe":370,"minecraft:wooden_pickaxe":13,"minecraft:cobblestone_slab":164,"minecraft:rotten_flesh":2,"minecraft:torch":3,"minecraft:dirt":12,"minecraft:cobblestone":2,"minecraft:crafting_table":1,"minecraft:bucket":5,"minecraft:ice":1,"minecraft:soul_torch":1},"minecraft:custom":{"minecraft:time_since_rest":71084,"minecraft:sprint_one_cm":28810,"minecraft:damage_taken":330,"minecraft:walk_one_cm":42491,"minecraft:mob_kills":1,"minecraft:drop":17,"minecraft:damage_dealt":186,"minecraft:interact_with_crafting_table":11,"minecraft:fly_one_cm":58582,"minecraft:open_chest":37,"minecraft:crouch_one_cm":29815,"minecraft:play_time":71680,"minecraft:deaths":1,"minecraft:sneak_time":10124,"minecraft:jump":350,"minecraft:leave_game":1,"minecraft:time_since_death":71061,"minecraft:walk_on_water_one_cm":644,"minecraft:total_world_time":71680,"minecraft:fall_one_cm":3375},"minecraft:broken":{"minecraft:stone_pickaxe":2}},"DataVersion":3839}