{"stats":{"minecraft:picked_up":{"minecraft:wooden_pickaxe":1,"minecraft:wheat_seeds":2,"minecraft:stone_pickaxe":1,"minecraft:oak_log":5,"minecraft:dirt":8,"minecraft:cobblestone":37},"minecraft:dropped":{"minecraft:cobblestone":7,"minecraft:wooden_pickaxe":2},"minecraft:mined":{"minecraft:grass_block":5,"minecraft:oak_log":1,"minecraft:dirt":3,"minecraft:cobblestone":39,"minecraft:ice":1},"minecraft:crafted":{"minecraft:oak_planks":16,"minecraft:crafting_table":1,"minecraft:stick":4,"minecraft:wooden_pickaxe":1},"minecraft:used":{"minecraft:oak_log":1,"minecraft:dirt":7,"minecraft:lava_bucket":3,"minecraft:crafting_table":1,"minecraft:stone_pickaxe":30,"minecraft:bucket":1,"minecraft:ice":1,"minecraft:wooden_pickaxe":13},"minecraft:custom":{"minecraft:time_since_rest":17012,"minecraft:open_chest":9,"minecraft:crouch_one_cm":6520,"minecraft:walk_one_cm":6040,"minecraft:play_time":17608,"minecraft:sprint_one_cm":1536,"minecraft:damage_taken":270,"minecraft:deaths":1,"minecraft:sneak_time":4410,"minecraft:drop":3,"minecraft:jump":56,"minecraft:damage_dealt":50,"minecraft:walk_on_water_one_cm":496,"minecraft:time_since_death":16989,"minecraft:total_world_time":17608,"minecraft:interact_with_crafting_table":1,"minecraft:fall_one_cm":691,"minecraft:fly_one_cm":1533}},"DataVersion":3839}