{"stats":{"minecraft:used":{"minecraft:oak_fence":5,"minecraft:spruce_slab":44,"minecraft:stone_pickaxe":669,"minecraft:baked_potato":12,"minecraft:oak_planks":36,"minecraft:wooden_pickaxe":135,"minecraft:cobblestone_slab":84,"minecraft:oak_door":1,"minecraft:torch":11,"minecraft:dirt":4,"minecraft:crafting_table":1,"minecraft:white_bed":1,"minecraft:spruce_stairs":32,"minecraft:oak_log":24,"minecraft:wooden_axe":59,"minecraft:oak_stairs":6,"minecraft:spruce_sapling":1,"minecraft:stone_axe":270,"minecraft:cobblestone":156,"minecraft:bow":4,"minecraft:potato":58},"minecraft:crafted":{"minecraft:oak_door":3,"minecraft:oak_planks":140,"minecraft:cobblestone_slab":84,"minecraft:crafting_table":1,"minecraft:spruce_planks":160,"minecraft:wooden_pickaxe":3,"minecraft:baked_potato":61,"minecraft:birch_planks":4,"minecraft:stone_axe":1,"minecraft:air":0,"minecraft:spruce_stairs":36,"minecraft:spruce_slab":66,"minecraft:stick":20,"minecraft:oak_stairs":8,"minecraft:stone_pickaxe":1,"minecraft:wooden_axe":1,"minecraft:oak_fence":6},"minecraft:custom":{"minecraft:interact_with_furnace":6,"minecraft:mob_kills":1,"minecraft:interact_with_crafting_table":18,"minecraft:leave_game":2,"minecraft:time_since_death":81900,"minecraft:climb_one_cm":180,"minecraft:time_since_rest":81947,"minecraft:sprint_one_cm":181837,"minecraft:damage_taken":2260,"minecraft:walk_one_cm":211544,"minecraft:drop":54,"minecraft:damage_dealt":989,"minecraft:swim_one_cm":955,"minecraft:fly_one_cm":394825,"minecraft:player_kills":4,"minecraft:open_chest":93,"minecraft:crouch_one_cm":86308,"minecraft:play_time":160453,"minecraft:deaths":8,"minecraft:sneak_time":48893,"minecraft:walk_under_water_one_cm":2578,"minecraft:jump":1667,"minecraft:walk_on_water_one_cm":6368,"minecraft:interact_with_smoker":4,"minecraft:total_world_time":160453,"minecraft:fall_one_cm":22938},"minecraft:mined":{"minecraft:torch":5,"minecraft:cobblestone":782,"minecraft:spruce_leaves":3,"minecraft:wall_torch":1,"minecraft:spruce_stairs":3,"minecraft:spruce_log":313,"minecraft:potatoes":58,"minecraft:oak_log":6,"minecraft:cave_vines":2,"minecraft:cobblestone_slab":1,"minecraft:oak_stairs":1,"minecraft:dirt":1},"minecraft:dropped":{"minecraft:oak_door":2,"minecraft:stone_hoe":1,"minecraft:stone_axe":7,"minecraft:wheat_seeds":1,"minecraft:baked_potato":7,"minecraft:dripstone_block":1,"minecraft:oak_fence":1,"minecraft:cobblestone":255,"minecraft:stick":11,"minecraft:dirt":44,"minecraft:spider_eye":1,"minecraft:spruce_log":35,"minecraft:stone_pickaxe":5,"minecraft:wooden_pickaxe":1,"minecraft:bucket":1},"minecraft:killed_by":{"minecraft:creeper":1,"minecraft:zombie":1},"minecraft:killed":{"minecraft:spider":1},"minecraft:broken":{"minecraft:stone_pickaxe":4,"minecraft:stone_axe":2,"minecraft:wooden_axe":1,"minecraft:wooden_pickaxe":3},"minecraft:picked_up":{"minecraft:birch_log":1,"minecraft:wooden_pickaxe":3,"minecraft:oak_stairs":1,"minecraft:potato":214,"minecraft:oak_log":6,"minecraft:string":2,"minecraft:dirt":48,"minecraft:apple":1,"minecraft:wheat_seeds":1,"minecraft:bucket":1,"minecraft:stone_pickaxe":17,"minecraft:cobblestone_slab":60,"minecraft:stone_hoe":1,"minecraft:stick":23,"minecraft:torch":34,"minecraft:spruce_stairs":3,"minecraft:poisonous_potato":2,"minecraft:dripstone_block":1,"minecraft:spruce_sapling":5,"minecraft:white_bed":1,"minecraft:spruce_log":304,"minecraft:spider_eye":1,"minecraft:stone_axe":10,"minecraft:cobblestone":638}},"DataVersion":3463}