{"stats":{"minecraft:picked_up":{"minecraft:wheat_seeds":2,"minecraft:oak_log":5,"minecraft:dirt":6},"minecraft:mined":{"minecraft:grass_block":5,"minecraft:oak_log":1,"minecraft:dirt":1,"minecraft:ice":1},"minecraft:crafted":{"minecraft:oak_planks":16,"minecraft:crafting_table":1},"minecraft:used":{"minecraft:oak_log":1,"minecraft:dirt":7,"minecraft:lava_bucket":3,"minecraft:bucket":1,"minecraft:ice":1},"minecraft:custom":{"minecraft:time_since_rest":5012,"minecraft:open_chest":2,"minecraft:crouch_one_cm":4837,"minecraft:walk_one_cm":2320,"minecraft:play_time":5608,"minecraft:sprint_one_cm":1177,"minecraft:damage_taken":270,"minecraft:deaths":1,"minecraft:sneak_time":2187,"minecraft:jump":40,"minecraft:damage_dealt":10,"minecraft:walk_on_water_one_cm":204,"minecraft:time_since_death":4989,"minecraft:total_world_time":5608,"minecraft:fall_one_cm":691,"minecraft:fly_one_cm":1412}},"DataVersion":3839}