{"stats":{"minecraft:picked_up":{"minecraft:charcoal":60,"minecraft:ladder":6,"minecraft:water_bucket":1,"minecraft:wooden_pickaxe":1,"minecraft:potato":14,"minecraft:oak_log":7,"minecraft:string":6,"minecraft:dirt":94,"minecraft:podzol":2,"minecraft:wheat_seeds":2,"minecraft:bucket":2,"minecraft:spruce_planks":262,"minecraft:stone_pickaxe":8,"minecraft:cobblestone_slab":718,"minecraft:spruce_slab":346,"minecraft:stone_hoe":1,"minecraft:phantom_membrane":2,"minecraft:stick":38,"minecraft:torch":70,"minecraft:lava_bucket":2,"minecraft:soul_torch":3,"minecraft:spruce_sapling":18,"minecraft:spruce_log":244,"minecraft:carrot":6,"minecraft:spider_eye":4,"minecraft:rotten_flesh":2,"minecraft:arrow":1,"minecraft:stone_shovel":2,"minecraft:spruce_boat":6,"minecraft:stone_axe":2,"minecraft:baked_potato":4,"minecraft:cobblestone":1019},"minecraft:killed_by":{"minecraft:player":1},"minecraft:dropped":{"minecraft:stone_hoe":1,"minecraft:soul_torch":1,"minecraft:baked_potato":1,"minecraft:cobblestone":166,"minecraft:lava_bucket":1,"minecraft:dirt":10,"minecraft:cobblestone_slab":104,"minecraft:spruce_planks":192,"minecraft:charcoal":60,"minecraft:spruce_log":19,"minecraft:spruce_slab":240,"minecraft:spider_eye":1,"minecraft:phantom_membrane":1,"minecraft:arrow":1,"minecraft:podzol":1,"minecraft:stone_pickaxe":7,"minecraft:wooden_pickaxe":2,"minecraft:bucket":4,"minecraft:spruce_sapling":4},"minecraft:mined":{"minecraft:podzol":15,"minecraft:soul_wall_torch":1,"minecraft:soul_torch":2,"minecraft:crafting_table":1,"minecraft:torch":10,"minecraft:grass_block":20,"minecraft:cobblestone":595,"minecraft:spruce_leaves":2,"minecraft:wall_torch":5,"minecraft:carrots":1,"minecraft:ice":1,"minecraft:spruce_log":244,"minecraft:potatoes":5,"minecraft:oak_log":3,"minecraft:cobblestone_slab":130,"minecraft:dirt":48,"minecraft:spruce_slab":29},"minecraft:killed":{"minecraft:spider":1,"minecraft:phantom":2},"minecraft:crafted":{"minecraft:oak_planks":24,"minecraft:cobblestone_slab":282,"minecraft:stone_shovel":1,"minecraft:crafting_table":2,"minecraft:spruce_planks":356,"minecraft:wooden_pickaxe":1,"minecraft:baked_potato":9,"minecraft:stone_axe":4,"minecraft:air":0,"minecraft:ladder":27,"minecraft:spruce_slab":168,"minecraft:stick":172,"minecraft:stone_pickaxe":9,"minecraft:spruce_boat":3},"minecraft:used":{"minecraft:water_bucket":8,"minecraft:spruce_slab":168,"minecraft:stone_shovel":57,"minecraft:stone_pickaxe":725,"minecraft:baked_potato":11,"minecraft:ladder":21,"minecraft:wooden_pickaxe":13,"minecraft:cobblestone_slab":579,"minecraft:rotten_flesh":2,"minecraft:torch":27,"minecraft:dirt":12,"minecraft:crafting_table":2,"minecraft:carrot":5,"minecraft:spruce_log":1,"minecraft:spruce_boat":4,"minecraft:oak_log":1,"minecraft:lava_bucket":8,"minecraft:stone_axe":293,"minecraft:cobblestone":457,"minecraft:bucket":12,"minecraft:ice":1,"minecraft:potato":6,"minecraft:soul_torch":1},"minecraft:custom":{"minecraft:interact_with_furnace":4,"minecraft:mob_kills":3,"minecraft:interact_with_crafting_table":23,"minecraft:leave_game":1,"minecraft:time_since_death":15068,"minecraft:climb_one_cm":15280,"minecraft:time_since_rest":15109,"minecraft:sprint_one_cm":115829,"minecraft:damage_taken":1270,"minecraft:walk_one_cm":187274,"minecraft:drop":40,"minecraft:damage_dealt":992,"minecraft:swim_one_cm":554,"minecraft:fly_one_cm":180490,"minecraft:boat_one_cm":3753,"minecraft:open_chest":72,"minecraft:walk_under_water_one_cm":1415,"minecraft:crouch_one_cm":118694,"minecraft:play_time":147791,"minecraft:deaths":3,"minecraft:sneak_time":38225,"minecraft:jump":1274,"minecraft:walk_on_water_one_cm":3082,"minecraft:interact_with_smoker":7,"minecraft:total_world_time":147791,"minecraft:fall_one_cm":17984},"minecraft:broken":{"minecraft:stone_pickaxe":5,"minecraft:stone_axe":3}},"DataVersion":3839}