{"stats":{"minecraft:picked_up":{"minecraft:stick":1,"minecraft:wooden_pickaxe":1,"minecraft:oak_log":7,"minecraft:dirt":12,"minecraft:wheat_seeds":2,"minecraft:stone_pickaxe":1,"minecraft:cobblestone_slab":38,"minecraft:cobblestone":260},"minecraft:dropped":{"minecraft:cobblestone_slab":98,"minecraft:cobblestone":166,"minecraft:stone_pickaxe":1,"minecraft:wooden_pickaxe":2,"minecraft:bucket":1},"minecraft:mined":{"minecraft:ice":1,"minecraft:grass_block":8,"minecraft:oak_log":3,"minecraft:cobblestone_slab":3,"minecraft:dirt":5,"minecraft:cobblestone":348},"minecraft:crafted":{"minecraft:oak_planks":24,"minecraft:cobblestone_slab":90,"minecraft:crafting_table":1,"minecraft:stick":20,"minecraft:wooden_pickaxe":1,"minecraft:stone_pickaxe":7},"minecraft:used":{"minecraft:oak_log":1,"minecraft:lava_bucket":6,"minecraft:stone_pickaxe":345,"minecraft:wooden_pickaxe":13,"minecraft:cobblestone_slab":34,"minecraft:dirt":10,"minecraft:cobblestone":1,"minecraft:crafting_table":1,"minecraft:bucket":2,"minecraft:ice":1},"minecraft:custom":{"minecraft:time_since_rest":47012,"minecraft:sprint_one_cm":2546,"minecraft:damage_taken":270,"minecraft:walk_one_cm":13210,"minecraft:drop":10,"minecraft:damage_dealt":50,"minecraft:interact_with_crafting_table":8,"minecraft:fly_one_cm":1981,"minecraft:open_chest":17,"minecraft:crouch_one_cm":12141,"minecraft:play_time":47608,"minecraft:deaths":1,"minecraft:sneak_time":5957,"minecraft:jump":102,"minecraft:time_since_death":46989,"minecraft:walk_on_water_one_cm":496,"minecraft:total_world_time":47608,"minecraft:fall_one_cm":1109},"minecraft:broken":{"minecraft:stone_pickaxe":2}},"DataVersion":3839}