{"stats":{"minecraft:picked_up":{"minecraft:wooden_pickaxe":1,"minecraft:wheat_seeds":2,"minecraft:stone_pickaxe":1,"minecraft:oak_log":5,"minecraft:dirt":11,"minecraft:cobblestone":197},"minecraft:dropped":{"minecraft:cobblestone":7,"minecraft:wooden_pickaxe":2},"minecraft:mined":{"minecraft:grass_block":8,"minecraft:oak_log":1,"minecraft:dirt":5,"minecraft:cobblestone":299,"minecraft:ice":1},"minecraft:crafted":{"minecraft:oak_planks":16,"minecraft:cobblestone_slab":90,"minecraft:crafting_table":1,"minecraft:stick":8,"minecraft:stone_pickaxe":2,"minecraft:wooden_pickaxe":1},"minecraft:used":{"minecraft:oak_log":1,"minecraft:dirt":9,"minecraft:lava_bucket":3,"minecraft:crafting_table":1,"minecraft:stone_pickaxe":293,"minecraft:bucket":1,"minecraft:ice":1,"minecraft:wooden_pickaxe":13},"minecraft:broken":{"minecraft:stone_pickaxe":1},"minecraft:custom":{"minecraft:time_since_rest":29012,"minecraft:open_chest":12,"minecraft:crouch_one_cm":7117,"minecraft:walk_one_cm":9570,"minecraft:play_time":29608,"minecraft:sprint_one_cm":1538,"minecraft:damage_taken":270,"minecraft:deaths":1,"minecraft:sneak_time":4611,"minecraft:drop":3,"minecraft:jump":83,"minecraft:damage_dealt":50,"minecraft:walk_on_water_one_cm":496,"minecraft:time_since_death":28989,"minecraft:total_world_time":29608,"minecraft:interact_with_crafting_table":6,"minecraft:fall_one_cm":691,"minecraft:fly_one_cm":1533}},"DataVersion":3839}