{"stats":{"minecraft:used":{"minecraft:stone_pickaxe":474,"minecraft:baked_potato":5,"minecraft:wooden_pickaxe":76,"minecraft:cobblestone_slab":60,"minecraft:spruce_sapling":1,"minecraft:stone_axe":222,"minecraft:torch":1,"minecraft:dirt":4,"minecraft:cobblestone":6,"minecraft:bow":4},"minecraft:killed_by":{"minecraft:creeper":1,"minecraft:zombie":1},"minecraft:broken":{"minecraft:stone_pickaxe":3,"minecraft:stone_axe":2,"minecraft:wooden_pickaxe":2},"minecraft:crafted":{"minecraft:baked_potato":12,"minecraft:birch_planks":4,"minecraft:air":0},"minecraft:mined":{"minecraft:spruce_log":215,"minecraft:torch":1,"minecraft:cave_vines":1,"minecraft:cobblestone_slab":1,"minecraft:dirt":1,"minecraft:cobblestone":528,"minecraft:spruce_leaves":3},"minecraft:killed":{"minecraft:spider":1},"minecraft:dropped":{"minecraft:stone_hoe":1,"minecraft:dirt":44,"minecraft:stone_axe":3,"minecraft:wheat_seeds":1,"minecraft:baked_potato":7,"minecraft:dripstone_block":1,"minecraft:cobblestone":238,"minecraft:spider_eye":1,"minecraft:spruce_log":35,"minecraft:wooden_pickaxe":1,"minecraft:stone_pickaxe":5,"minecraft:bucket":1,"minecraft:stick":11},"minecraft:picked_up":{"minecraft:birch_log":1,"minecraft:stick":19,"minecraft:torch":1,"minecraft:wooden_pickaxe":3,"minecraft:dripstone_block":1,"minecraft:spruce_sapling":4,"minecraft:spruce_log":206,"minecraft:string":2,"minecraft:spider_eye":1,"minecraft:dirt":48,"minecraft:stone_axe":6,"minecraft:wheat_seeds":1,"minecraft:bucket":1,"minecraft:stone_pickaxe":16,"minecraft:cobblestone_slab":60,"minecraft:stone_hoe":1,"minecraft:cobblestone":409},"minecraft:custom":{"minecraft:time_since_rest":5263,"minecraft:sprint_one_cm":75011,"minecraft:damage_taken":2100,"minecraft:walk_one_cm":93457,"minecraft:mob_kills":1,"minecraft:drop":47,"minecraft:damage_dealt":922,"minecraft:interact_with_crafting_table":1,"minecraft:fly_one_cm":193161,"minecraft:player_kills":4,"minecraft:open_chest":35,"minecraft:crouch_one_cm":47945,"minecraft:play_time":76345,"minecraft:deaths":7,"minecraft:sneak_time":31338,"minecraft:walk_under_water_one_cm":548,"minecraft:jump":840,"minecraft:leave_game":2,"minecraft:walk_on_water_one_cm":1744,"minecraft:time_since_death":5218,"minecraft:interact_with_smoker":2,"minecraft:total_world_time":76345,"minecraft:fall_one_cm":10243}},"DataVersion":3463}