{
  "minecraft:recipes/decorations/crafting_table": {
    "criteria": {
      "unlock_right_away": "2024-08-13 23:55:35 +0000"
    },
    "done": true
  },
  "skyblock:technical/update": {
    "criteria": {
      "tick": "2024-08-13 23:55:35 +0000"
    },
    "done": true
  },
  "skyblock:technical/modifiers": {
    "criteria": {
      "tick": "2024-08-13 23:55:35 +0000"
    },
    "done": true
  },
  "skyblock:forest_island/adventuring_time": {
    "criteria": {
      "minecraft:plains": "2024-08-13 23:55:36 +0000"
    },
    "done": false
  },
  "skyblock:skyblock/root": {
    "criteria": {
      "get_item": "2024-08-13 23:57:09 +0000"
    },
    "done": true
  },
  "skyblock:forest_island/get_all_small_flowers": {
    "criteria": {
      "poppy": "2024-08-13 23:57:46 +0000",
      "dandelion": "2024-08-13 23:57:45 +0000"
    },
    "done": false
  },
  "minecraft:recipes/skyblock/sand": {
    "criteria": {
      "has_stones": "2024-08-13 23:57:09 +0000"
    },
    "done": true
  },
  "minecraft:recipes/misc/red_dye_from_poppy": {
    "criteria": {
      "has_poppy": "2024-08-13 23:57:46 +0000"
    },
    "done": true
  },
  "minecraft:recipes/misc/yellow_dye_from_dandelion": {
    "criteria": {
      "has_dandelion": "2024-08-13 23:57:45 +0000"
    },
    "done": true
  },
  "minecraft:recipes/building_blocks/packed_ice": {
    "criteria": {
      "has_ice": "2024-08-13 23:57:09 +0000"
    },
    "done": true
  },
  "DataVersion": 3839
}